Rank,Name,Country,Student Population,Students to Staff Ratio,International Students,Female to Male Ratio,Overall Score,Teaching,Research Environment,Research Quality,Industry Impact,International Outlook
1,University of Oxford,United Kingdom,"19,720",10.9,35%,46:54:00,95,89.6,99.1,99.2,62.5,94.5
2,California Institute of Technology,United States,"2,181",6.7,27%,31 : 69,94.3,95.5,95.7,99.8,90.8,63.4
3,Stanford University,United States,"15,658",7.7,22%,42:58:00,93.8,92.6,95.9,99.9,60.9,76.5
4,University of Cambridge,United Kingdom,"18,605",11.3,35%,45:55:00,93.6,90.6,97.2,96.8,50.4,92.4
5,Massachusetts Institute of Technology,United States,"11,192",8.8,33%,37 : 63,93.4,90.3,92.3,99.9,88.4,85.6
6,Harvard University,United States,"19,890",8.8,25%,n/a,92.7,87.5,98.3,99.7,47.3,77.9
7,Princeton University,United States,"7,925",8.4,23%,45:55:00,90.2,89.5,88.4,99.2,49.9,77.2
8,Imperial College London,United Kingdom,"15,235",11.3,52%,37 : 63,90,86.4,86.6,97.3,67.5,96.5
9,ETH Zurich,Switzerland,"18,616",14.9,37%,31 : 69,89.3,81.5,93.7,92.5,63.7,98.1
10,"University of California, Berkeley",United States,"34,834",12,16%,52:48:00,88.9,82.4,96.1,99.8,37.6,59.6
10,The University of Chicago,United States,"13,486",6.2,24%,42:58:00,88.9,88.1,89.1,99.1,37.7,67.8
12,Yale University,United States,"11,946",4.4,21%,49:51:00,88.2,88.5,87.8,97.8,44.5,64.3
13,University of Pennsylvania,United States,"20,367",6.5,20%,51:49:00,87.1,85.9,88.9,98.6,49.9,50.1
14,"University of California, Los Angeles",United States,"38,392",9.9,16%,53:47:00,86.6,82.9,89,98.4,47.1,58
15,UCL,United Kingdom,"28,600",10.6,47%,56:44:00,86.5,77.4,90,94,41.9,94.3
16,Columbia University,United States,"25,659",6,30%,n/a,86.1,86.9,78.9,98.6,44.9,75.3
17,Johns Hopkins University,United States,"15,303",3.5,24%,51:49:00,85.9,77.4,84.3,98.4,100,71.1
18,Duke University,United States,"15,204",4.8,17%,49:51:00,84.7,80.7,80,98.8,100,58.2
19,Cornell University,United States,"21,593",9.9,19%,49:51:00,84.6,79.7,86.5,97.2,36,62.2
20,Northwestern University,United States,"18,570",14,16%,48:52:00,83.7,75.8,85,97,85.8,56.1
21,University of Michigan-Ann Arbor,United States,"41,912",8.8,16%,48:52:00,83.6,79.4,86.1,95.8,43.9,54.6
22,University of Toronto,Canada,"68,093",18.8,16%,n/a,83,74.6,86.3,91.9,48.8,78.3
23,Carnegie Mellon University,United States,"12,311",13.2,38%,38 : 62,81.8,70.2,84,99.3,51.8,59.6
24,National University of Singapore,Singapore,"31,111",16.7,32%,50:50:00,81.7,76.7,86.9,79.7,61.3,96
25,London School of Economics and Political Science,United Kingdom,"9,400",11.8,70%,53:47:00,80.2,70.8,74.7,96.3,34.8,91
25,University of Washington,United States,"45,162",11.9,15%,53:47:00,80.2,70.2,80.4,98.8,49.8,55
27,University of Edinburgh,United Kingdom,"25,280",12.5,37%,59:41:00,79.2,67.5,74.7,96,35,91.5
28,Karolinska Institute,Sweden,"7,723",11.3,23%,69:31:00,77.6,62.1,76,95.9,72.1,74.2
29,Peking University,China,"42,977",8.8,15%,48:52:00,77.2,84.6,80.3,71.6,100,50.3
30,LMU Munich,Germany,"36,180",15.7,14%,61:39:00,76.8,70.5,73.4,87.4,100,65.4
30,École Polytechnique Fédérale de Lausanne,Switzerland,"9,750",11.2,54%,27 : 73,76.8,62.9,66.1,96.5,69.8,98.6
32,New York University,United States,"43,021",6.6,25%,55:45:00,76.7,75.1,68.8,95.3,33.6,54.3
33,Georgia Institute of Technology,United States,"19,847",19.8,26%,31 : 69,76.3,60.8,79.2,90.8,62.3,72.8
33,University of Melbourne,Australia,"42,273",24.8,37%,55:45:00,76.3,65.4,73.6,88.1,63.7,88.3
35,Tsinghua University,China,"41,537",14.1,10%,32 : 68,76.2,78.9,89.6,67.4,99.7,39.4
36,University of British Columbia,Canada,"51,889",18.2,29%,54:46:00,75.9,61.2,72.5,92.9,41.1,92
36,University of Illinois at Urbana-Champaign,United States,"43,202",18.3,22%,46:54:00,75.9,65.6,81.4,89.3,50.3,49.7
36,King’s College London,United Kingdom,"21,985",11.3,38%,61:39:00,75.9,61.5,71,93.5,42.5,93.8
39,The University of Tokyo,Japan,"26,080",7,10%,n/a,74.1,83.4,89.2,62.4,53.4,30.6
40,KU Leuven,Belgium,"46,381",41.9,16%,49:51:00,73.8,57,73.7,90.1,99.8,67.4
41,"University of California, San Diego",United States,"28,416",6.6,14%,47:53:00,73.2,61.2,66.2,98.9,67.3,47.7
42,McGill University,Canada,"30,911",13.5,24%,57:43:00,73.1,66.4,70.3,81.8,41.9,86.4
43,Universität Heidelberg,Germany,"29,527",24.9,17%,55:45:00,73,66.7,65,90.8,60,62.7
43,University of Hong Kong,Hong Kong,"20,095",17.8,39%,51:49:00,73,66.5,74.5,73.2,52.9,99.4
45,University of Wisconsin-Madison,United States,"40,048",11,12%,51:49:00,72.6,68.2,71.4,87.9,47.4,42
46,Technical University of Munich,Germany,"36,929",51.9,22%,33 : 67,71.6,61,70.5,82,100,66.6
47,Australian National University,Australia,"15,402",19.9,35%,52:48:00,71.3,54,73.9,81.7,53.5,93.9
48,"University of California, Santa Barbara",United States,"22,267",27.4,12%,51:49:00,71.2,52.2,62.6,99.2,87.6,63.3
49,The Hong Kong University of Science and Technology,Hong Kong,"11,960",27.3,38%,n/a,71.1,53.2,66.7,91.2,62,82.8
50,University of Texas at Austin,United States,"48,689",17.2,10%,51:49:00,70.8,63.9,65.9,93,51.3,35.7
51,Brown University,United States,"8,694",10.2,20%,n/a,70.4,66.3,54.4,96.7,33.9,58
51,"University of California, Davis",United States,"36,060",13.7,15%,55:45:00,70.4,61.4,67.3,86.6,50,61.2
53,University of Minnesota,United States,"46,625",17.5,13%,52:48:00,70.3,60.3,69.8,87,94.2,38.2
54,"Nanyang Technological University, Singapore",Singapore,"25,278",16.1,32%,49:51:00,70,50.6,60.2,90.7,93.5,95.7
55,University of Manchester,United Kingdom,"34,015",14.4,36%,52:48:00,69.7,58.2,66.3,82.3,45.1,87
56,University of North Carolina at Chapel Hill,United States,"26,412",7.5,8%,57:43:00,69.3,61.9,59.6,96.1,41,40
57,Humboldt University of Berlin,Germany,"31,043",54.8,17%,n/a,69.2,62.5,69,79.9,39.4,64.4
57,Washington University in St Louis,United States,"12,528",5.7,17%,n/a,69.2,60.7,56.2,99.1,36.9,45.5
59,Delft University of Technology,Netherlands,"16,174",18.9,25%,27 : 73,67.9,56.2,72.9,67.3,99.9,85.9
60,The University of Queensland,Australia,"38,892",35.4,25%,55:45:00,67.2,49.7,60.1,86.1,70.6,88.6
60,University of Southern California,United States,"38,466",13.6,23%,52:48:00,67.2,50.5,60,94.7,39.4,62.7
60,The University of Sydney,Australia,"42,678",19,29%,57:43:00,67.2,51.3,63.2,83.2,63.9,83.7
63,University of Amsterdam,Netherlands,"25,344",14.3,10%,58:42:00,67.1,49.4,62,90.3,54.6,69.3
64,Boston University,United States,"24,714",8.4,19%,59:41:00,66.9,60.2,48.5,97.7,34.4,54.6
65,Wageningen University & Research,Netherlands,"9,535",15.6,23%,56:44:00,66.6,51.8,50.1,92.8,100,75.6
66,École Normale Supérieure,France,"1,548",9.6,18%,40 : 60,65.8,59.8,52.3,85.8,40,72.2
67,"University of Maryland, College Park",United States,"31,353",16.8,9%,48:52:00,65.3,51,63.2,91.1,38.5,36.7
68,Penn State (Main campus),United States,"45,359",12.3,13%,46:54:00,65,55.6,63.3,82.9,51.9,42.7
69,Erasmus University Rotterdam,Netherlands,"21,854",20.6,19%,49:51:00,64.6,38.8,56.8,95.6,57.7,77.1
70,Purdue University West Lafayette,United States,"38,788",17.7,22%,42:58:00,64.5,57.2,66.8,69,62.5,67.7
71,University of Bristol,United Kingdom,"18,545",13.6,25%,52:48:00,64.4,45.9,51.7,92.7,40.9,83.2
72,Ohio State University (Main campus),United States,"52,497",12.8,12%,49:51:00,64.2,57,53.1,86.2,50.6,54.6
72,Seoul National University,South Korea,"26,777",13.1,11%,n/a,64.2,70.2,69.8,58.8,85.2,32.4
74,Monash University,Australia,"44,217",34.5,25%,57:43:00,64,49.5,57.4,78.5,76,87.1
75,Free University of Berlin,Germany,"32,909",53.9,21%,58:42:00,63.7,58.1,67.3,66.9,38.9,67.2
76,Chinese University of Hong Kong,Hong Kong,"18,433",10.5,27%,n/a,63.6,52.2,60.4,74.6,44.7,84
77,Leiden University,Netherlands,"23,597",17.8,11%,59:41:00,63.3,46.1,57.9,86.1,47.3,68.1
78,UNSW Sydney,Australia,"39,121",26.3,32%,46:54:00,63,43.2,58.6,81.4,49.7,91
78,RWTH Aachen University,Germany,"42,298",54.9,17%,32 : 68,63,53.3,63.7,71.3,99.4,53.4
80,University of Groningen,Netherlands,"25,281",24.4,13%,52:48:00,62.2,41.9,55.1,87.1,79.9,66.4
80,University of Pittsburgh-Pittsburgh campus,United States,"26,501",5.9,10%,51:49:00,62.2,49.2,51.9,94.2,39.6,35.4
82,Dartmouth College,United States,"6,109",6.7,15%,47:53:00,62,58.6,41.1,94.2,39.9,37.9
82,Emory University,United States,"12,649",4.4,19%,57:43:00,62,52.9,39.7,97.4,43.2,52.7
82,Technical University of Berlin,Germany,"20,548",60.3,19%,34 : 66,62,49.8,59.3,74.3,98,60.8
82,University of Warwick,United Kingdom,"18,560",14.6,38%,47:53:00,62,46.8,52.6,80.9,40.8,91.4
86,Utrecht University,Netherlands,"31,142",15.6,7%,59:41:00,61.9,46.1,48.5,90.7,80.7,57.6
87,Rice University,United States,"6,447",9,27%,43:57:00,61.7,46.9,38.7,99.1,43.4,69.5
88,University of Glasgow,United Kingdom,"22,855",15.3,32%,57:43:00,61.4,40.6,47.8,90.6,39.4,88.6
89,Korea Advanced Institute of Science and Technology (KAIST),South Korea,"9,327",9.5,9%,0.888888889,61.3,55.7,53.2,78.5,100,34.3
89,University of Tübingen,Germany,"28,074",37.3,11%,58:42:00,61.3,46,56.2,82.9,56.3,57.8
91,University of Helsinki,Finland,"23,369",17,6%,65:35:00,61.2,47,57.6,83.5,34.9,52.2
91,Kyoto University,Japan,"22,547",5.5,7%,n/a,61.2,70.2,70.1,50.4,75.1,28
93,Uppsala University,Sweden,"25,275",16.6,12%,57:43:00,61.1,43,57.1,85.2,40.4,59.9
94,Maastricht University,Netherlands,"16,030",18.3,47%,58:42:00,61,39.2,48.6,84.4,85.7,96
95,University of Freiburg,Germany,"25,890",33.7,16%,52:48:00,60.9,45.9,49.9,83.6,100,61.1
96,Durham University,United Kingdom,"15,705",15.3,26%,54:46:00,60.6,43,49,85,37.4,87
96,Lund University,Sweden,"28,852",12,15%,53:47:00,60.6,41.3,53.1,83.2,68.5,74.6
98,Aarhus University,Denmark,"24,633",13.9,14%,55:45:00,60.3,39,54.7,83,65.4,75.7
98,University of Basel,Switzerland,"12,560",17.4,24%,54:46:00,60.3,40.1,36.8,92.4,99.3,94.4
98,"University of California, Irvine",United States,"29,304",17.2,18%,53:47:00,60.3,42.5,45,94.1,45.5,62.3
101,Michigan State University,United States,"45,297",15.8,16%,51:49:00,59.9,51.6,48.9,81.1,38.5,58.8
102,University of Mannheim,Germany,"10,808",84,14%,55:45:00,59.8,39.1,51.3,88.3,76.4,57.7
103,Université de Montréal,Canada,"37,651",20.2,24%,58:42:00,59.7,46.8,47.8,77.4,67.7,85
104,Georgetown University,United States,"15,726",8.6,15%,54:46:00,59.6,56.7,39.3,84.6,74.4,47.3
104,Pohang University of Science and Technology (POSTECH),South Korea,"3,017",10,4%,0.970833333,59.6,53.8,48.7,79.2,99.6,34.2
106,University of Zurich,Switzerland,"26,042",6.1,18%,57:43:00,59.5,46.4,38.5,87.5,44.2,89.3
107,University of Alberta,Canada,"33,159",21.1,24%,55:45:00,59.4,49.5,53,69.9,61.3,82.7
108,Vanderbilt University,United States,"12,161",3.1,9%,52:48:00,59.3,50.1,37.3,96.7,73.5,29.8
109,University of Sheffield,United Kingdom,"23,960",15.3,33%,50:50:00,59.1,42.3,47.6,82.7,44.7,83.1
110,University of Bern,Switzerland,"14,651",23.3,14%,55:45:00,58.9,43.2,43,82.8,75.5,83.8
110,University of St Andrews,United Kingdom,"8,455",12.2,46%,57:43:00,58.9,45.2,44.3,80.3,33.7,94.3
112,University of Göttingen,Germany,"26,549",26.1,12%,50:50:00,58.8,49.7,48,81.1,34.8,56.6
113,University of Bonn,Germany,"33,939",73.3,13%,55:45:00,58.7,47.2,40.8,88.3,37.3,64.6
113,McMaster University,Canada,"23,943",20.4,16%,52:48:00,58.7,43.5,45.4,82.3,66.1,76.2
113,Queen Mary University of London,United Kingdom,"14,500",13.2,42%,52:48:00,58.7,34,39.7,95.1,40,94.3
116,University of Colorado Boulder,United States,"29,741",16.3,9%,44:56:00,58.6,42.5,43.7,96.1,38,39.4
116,École Polytechnique,France,"2,669",5,31%,0.806944444,58.6,58.6,40.6,67.2,71.9,92.3
118,Ghent University,Belgium,"35,374",37,9%,53:47:00,58.5,43,55.5,75.7,84.4,55.1
119,City University of Hong Kong,Hong Kong,"9,871",11.6,30%,52:48:00,58.4,42.1,44.5,81.6,66.4,83.5
120,University of Copenhagen,Denmark,"29,796",4.2,17%,62:38:00,58.2,46.8,33.1,89.8,44.2,82.3
121,Pierre and Marie Curie University,France,"28,473",8,17%,48:52:00,58.1,52.9,33.7,86.2,38.2,71.4
121,Radboud University Nijmegen,Netherlands,"19,079",19.1,11%,57:43:00,58.1,35,50.6,87.2,45.2,68.3
121,University of Southampton,United Kingdom,"21,050",12.8,31%,53:47:00,58.1,39.2,46.1,82.8,39.2,90.2
121,University of Virginia (Main campus),United States,"23,797",10,12%,53:47:00,58.1,53.7,38.6,86.6,41.9,44.6
125,The University of Western Australia,Australia,"20,777",23,27%,50:50:00,58,32.3,44.9,89,48.8,92.9
126,Case Western Reserve University,United States,"9,622",6.6,18%,48:52:00,57.9,50.2,38.9,90.2,36.8,42
126,University of Exeter,United Kingdom,"18,235",17.5,27%,55:45:00,57.9,34.6,39.2,94.3,34.9,87.6
128,Université Catholique de Louvain,Belgium,"23,916",38.1,19%,54:46:00,57.8,39.6,51.3,78.5,51.5,75.6
129,University of York,United Kingdom,"14,675",15.3,26%,55:45:00,57.7,42.5,45.9,79.8,34.1,84.5
130,University of Birmingham,United Kingdom,"26,360",16.7,25%,54:46:00,57.6,38.6,42.4,86.8,38,84.2
131,Arizona State University (Tempe),United States,"43,082",20.1,16%,44:56:00,57.2,38.5,48.9,87.7,36.6,49.7
131,Trinity College Dublin,Ireland,"15,805",23.4,25%,58:42:00,57.2,44.2,45.3,75.4,38.6,90.4
132,University of Oslo,Norway,"27,215",18.7,18%,54:46:00,56.9,39.7,43.1,85.5,42.9,71.2
133,University of Leeds,United Kingdom,"27,790",15,22%,59:41:00,56.8,42.3,43,81.3,39,78.2
134,University of Florida,United States,"44,911",17,9%,54:46:00,56.6,53.6,48.1,72.9,65.7,35.2
135,Tufts University,United States,"10,462",10.1,15%,54:46:00,56.5,48.1,34.3,88.5,58.5,50.5
135,Ulm University,Germany,"10,370",27.3,12%,47:53:00,56.5,38.2,38.1,91,84,56.9
137,University of Geneva,Switzerland,"15,587",15,40%,61:39:00,56.4,37.4,41.1,79.3,66.7,98.3
137,Lancaster University,United Kingdom,"11,675",13.6,35%,52:48:00,56.4,37,40.9,84.7,35.6,89.1
137,Scuola Normale Superiore di Pisa,Italy,545,15.1,6%,30 : 70,56.4,54,47.5,70.3,51.6,47.3
137,Sungkyunkwan University (SKKU),South Korea,"24,791",19.1,10%,n/a,56.4,53.7,50.6,66.5,88.9,39.6
141,Rutgers University – New Brunswick,United States,"42,892",10.8,8%,52:48:00,56.2,47.7,49.8,77.9,36.6,35.6
142,University of Adelaide,Australia,"20,462",29.6,27%,47:53:00,56.1,37.1,43.9,78.8,67.5,86.3
143,University of Notre Dame,United States,"11,821",13.5,10%,45:55:00,55.9,50.2,40.7,80.2,37.4,48.2
144,Karlsruhe Institute of Technology,Germany,"25,948",24.5,17%,27 : 73,55.8,41.3,45.2,76.4,98.3,59.5
144,Stockholm University,Sweden,"31,272",23.5,8%,62:38:00,55.8,32.2,46.2,86.8,33.8,72.1
146,"University of California, Santa Cruz",United States,"17,203",24.5,2%,53:47:00,55.6,34.7,35.3,99.8,40.9,48.7
147,University of Nottingham,United Kingdom,"29,740",14.7,28%,53:47:00,55.5,41,41.3,78.9,39.8,81.6
148,University of Cape Town,South Africa,"20,061",11.6,17%,53:47:00,55.3,32.4,37.2,87.3,88.8,80.1
149,University of Sussex,United Kingdom,"12,295",15.9,35%,55:45:00,55.1,32.6,37.9,88.1,33.7,88.8
150,Indiana University,United States,"66,057",14.2,14%,52:48:00,55,46.4,40.2,82.1,35.2,47
151,University of Lausanne,Switzerland,"12,647",13.5,24%,n/a,54.9,31.8,46.6,75.6,76.1,90.1
151,University of Rochester,United States,"9,628",4.5,28%,51:49:00,54.9,43.4,32.4,89.4,38.9,58.9
153,University of Science and Technology of China,China,"14,827",8.1,3%,n/a,54.7,51.8,43.4,74.7,77.6,24.2
153,University of Twente,Netherlands,"6,583",12.5,28%,36 : 64,54.7,36.8,46.7,70.8,84.6,83.6
155,Fudan University,China,"32,449",12.1,11%,50:50:00,54.6,55.3,47,65.7,53.2,37.5
156,University of Arizona,United States,"37,023",12.8,9%,52:48:00,54.5,42.9,42.2,83.2,35.6,41.7
156,Vrije Universiteit Amsterdam,Netherlands,"24,592",15.5,7%,56:44:00,54.5,33.1,40.2,89.4,50.3,58.9
158,University of Liverpool,United Kingdom,"19,085",11.7,34%,53:47:00,54.3,35.1,35.2,85.7,37.4,87.7
159,KTH Royal Institute of Technology,Sweden,"12,841",15.9,17%,31 : 69,54.1,42.5,45.3,67.4,51.1,83.3
160,University of Erlangen-Nuremberg,Germany,"37,882",55.4,9%,49:51:00,54,38.7,43.6,77.3,96,49.1
161,University of Münster,Germany,"41,807",42.4,6%,53:47:00,53.9,40.8,38.3,84.4,62.6,44.3
161,University of Vienna,Austria,"34,711",20.3,26%,67:33:00,53.9,41.1,46.6,65.9,33.5,93
163,Autonomous University of Barcelona,Spain,"31,095",12.4,11%,59:41:00,53.7,39.4,36.4,86.7,39.9,52.3
164,TU Dresden,Germany,"35,468",36.3,12%,42:58:00,53.5,42.3,45.6,70.2,95.7,49.4
165,University of Auckland,New Zealand,"30,287",18.9,29%,54:46:00,53.4,32.8,40.8,75.8,70.5,90.5
165,"University of California, Riverside",United States,"20,901",22.6,13%,51:49:00,53.4,32,33.7,93.4,40.5,62.2
165,University of East Anglia,United Kingdom,"13,995",13.9,28%,58:42:00,53.4,30.7,31.1,92.4,32.4,84.3
165,University of Massachusetts,United States,"58,624",13.1,13%,49:51:00,53.4,40.4,34.8,85.6,50.2,51.5
169,Texas A&M University,United States,"53,694",22.1,9%,47:53:00,53.2,53.1,57,50.7,46.9,50.1
170,University of Cologne,Germany,"44,882",41.3,11%,61:39:00,53.1,40.2,38.3,79.2,64.3,55.9
170,University of Gothenburg,Sweden,"17,761",10.6,12%,n/a,53.1,30.3,40.5,87.9,39.9,59.6
172,University of Leicester,United Kingdom,"14,180",12.5,36%,53:47:00,53,30.9,32.4,88.4,35.1,87.6
173,"Royal Holloway, University of London",United Kingdom,"8,550",15.3,38%,58:42:00,52.9,33.3,32.3,84.5,35.7,93
173,University of Waterloo,Canada,"31,776",24.8,15%,45:55:00,52.9,37.8,44.9,70.8,41,77.5
175,Pompeu Fabra University,Spain,"10,791",20.1,12%,59:41:00,52.8,30.3,33,93.1,40.5,65.1
176,Technical University of Denmark,Denmark,"8,063",5.7,18%,27 : 73,52.5,38.3,30,80.2,60.6,85.8
177,Eindhoven University of Technology,Netherlands,"10,015",19.4,14%,0.970833333,52.4,36.6,43.5,71.7,56.9,72
178,University of Luxembourg,Luxembourg,"5,219",17.2,55%,51:49:00,52.2,29.7,30,85.8,40.6,99.9
179,Paris-Sud University,France,"26,642",14.1,17%,55:45:00,52.1,40.6,31.1,83.2,32.5,64
180,University of Dundee,United Kingdom,"11,265",14.7,24%,61:39:00,52,26.7,31,92.3,43.8,79.1
180,University of Hamburg,Germany,"37,501",46.7,11%,57:43:00,52,42,41.6,70.5,60.6,56.7
182,Cardiff University,United Kingdom,"23,550",14.3,25%,56:44:00,51.7,31.8,36.9,80.9,37,78.9
182,University of Miami,United States,"16,054",6,15%,51:49:00,51.7,43.1,17.1,92.5,38.1,65.8
182,"Northeastern University, US",United States,"18,368",14.5,28%,50:50:00,51.7,38.2,25.7,89.8,35.5,63
182,University of the Witwatersrand,South Africa,"24,565",24.5,8%,56:44:00,51.7,26.4,37.3,82.9,100,69.4
186,Hebrew University of Jerusalem,Israel,"17,709",10.8,5%,57:43:00,51.6,44.3,39.6,71.1,35.4,56.1
186,University of Würzburg,Germany,"22,297",33.5,8%,57:43:00,51.6,34.8,37,83.4,48.1,51.2
188,University of Aberdeen,United Kingdom,"11,555",13.6,32%,55:45:00,51.5,31,31.2,82.6,44.5,92
188,Lomonosov Moscow State University,Russian Federation,"29,563",7.4,21%,45:55:00,51.5,75.2,61.6,12.5,89.1,59.9
190,Newcastle University,United Kingdom,"20,305",15.6,28%,49:51:00,51.3,33.6,32.1,81,38.7,84.9
190,Sant’Anna School of Advanced Studies – Pisa,Italy,679,13.1,13%,38 : 62,51.3,44.7,33.9,74.1,86.6,44.9
192,Hong Kong Polytechnic University,Hong Kong,"21,907",25.6,25%,54:46:00,51.2,35,41.8,69.9,47.9,79.7
192,University of Reading,United Kingdom,"12,085",14,29%,56:44:00,51.2,36.8,37.5,71.6,36.6,86.6
194,University of Konstanz,Germany,"11,335",50.4,12%,54:46:00,51.1,39.8,44.5,64.4,73.1,62.6
195,University of Calgary,Canada,"28,047",16,18%,53:47:00,51,34.8,35.2,77.9,48.8,71.5
195,National Taiwan University (NTU),Taiwan,"31,581",11.6,8%,40 : 60,51,51.4,52.5,54.5,47.8,29.9
197,University of Duisburg-Essen,Germany,"41,002",53,12%,49:51:00,50.9,34.1,28.7,87.5,77.8,50.6
198,Brandeis University,United States,"5,532",13.1,23%,55:45:00,50.8,29.8,24.6,99.7,33.8,49.2
198,Tilburg University,Netherlands,"7,454",22.4,13%,49:51:00,50.8,38.8,50.2,57,58,74.3
200,University of Illinois Chicago,United States,"24,459",11.6,18%,53:47:00,50.6,46,35.3,69.6,41.6,57.1
201-250,Aalborg University,Denmark,"19,286",17.4,15%,48:52:00,46.3—50.4,24.2,35.2,80.1,44.8,71.7
201-250,Aalto University,Finland,"12,653",20.1,20%,34 : 66,46.3—50.4,34.4,29,75,52.5,69.6
201-250,University of Antwerp,Belgium,"16,445",35.8,15%,54:46:00,46.3—50.4,34.5,39.8,73,54.6,64.9
201-250,University of Barcelona,Spain,"47,569",12.5,10%,61:39:00,46.3—50.4,33.7,33,81.3,35.3,49.3
201-250,University of Bergen,Norway,"11,949",11.5,13%,59:41:00,46.3—50.4,29.8,29.3,86.2,36.6,74
201-250,"Birkbeck, University of London",United Kingdom,"9,690",19.6,38%,54:46:00,46.3—50.4,27.4,35.1,67,32.6,88.4
201-250,University of Bologna,Italy,"84,486",22.3,7%,56:44:00,46.3—50.4,35.6,27.5,81.7,37.4,42.8
201-250,Boston College,United States,"12,932",16.5,19%,55:45:00,46.3—50.4,47.3,19.3,79.9,43.8,60.2
201-250,CentraleSupélec,France,"4,130",11.4,32%,0.970833333,46.3—50.4,35.8,14.7,78.1,56.4,84
201-250,University of Cincinnati – Uptown,United States,"27,712",21.9,8%,52:48:00,46.3—50.4,37.8,29.6,75.4,41.9,31.8
201-250,University College Dublin,Ireland,"21,438",22.7,25%,n/a,46.3—50.4,31.5,37.8,72.5,37.4,88.1
201-250,University of Delaware,United States,"19,426",16.2,10%,56:44:00,46.3—50.4,26.9,36.8,78.1,92.5,44
201-250,ESPCI ParisTech,France,481,6.3,14%,38 : 62,46.3—50.4,45.3,22.3,76.2,77.1,49.7
201-250,Florida State University,United States,"41,737",30.2,7%,55:45:00,46.3—50.4,40.8,39.5,67.1,34.2,45.7
201-250,George Washington University,United States,"21,409",12.4,15%,57:43:00,46.3—50.4,47.1,27.7,70.7,32.9,48
201-250,Goethe University Frankfurt,Germany,"45,453",13.1,15%,58:42:00,46.3—50.4,32.4,27.5,79.7,38.2,59.4
201-250,University of Hawai’i at Mānoa,United States,"16,580",10.9,13%,56:44:00,46.3—50.4,34.2,38.7,73.2,53.2,63.5
201-250,University of Iceland,Iceland,"13,373",24,8%,66:34:00,46.3—50.4,16.9,27.6,92,52.7,60.3
201-250,Indian Institute of Science,India,"3,398",8.3,1%,0.888888889,46.3—50.4,50.1,49.2,47.3,48,18.1
201-250,University of Iowa,United States,"27,807",11.6,12%,52:48:00,46.3—50.4,40.9,27.1,74.9,53.8,34.6
201-250,University of Kiel,Germany,"24,701",23.3,8%,54:46:00,46.3—50.4,31.6,27.2,90.8,33.5,51.2
201-250,King Abdulaziz University,Saudi Arabia,"37,178",8.3,21%,55:45:00,46.3—50.4,26.4,12.4,93.3,66,92.1
201-250,Korea University,South Korea,"22,739",15.5,16%,42:58:00,46.3—50.4,40.9,45.4,49.2,98.6,44
201-250,Université Libre de Bruxelles,Belgium,"23,712",35,32%,54:46:00,46.3—50.4,26.3,42.8,74.4,44.5,83.3
201-250,Nanjing University,China,"34,784",15.7,9%,42:58:00,46.3—50.4,41.7,36.9,61.5,73.9,51.4
201-250,University of Galway,Ireland,"13,911",26.1,16%,56:44:00,46.3—50.4,27.7,27.8,76.7,41.4,78.1
201-250,University of Newcastle,Australia,"23,838",22.7,18%,56:44:00,46.3—50.4,29.3,28.5,73.5,63.7,79.8
201-250,North Carolina State University,United States,"30,187",13.1,12%,45:55:00,46.3—50.4,37.5,32.7,68.4,42,50.2
201-250,University of Otago,New Zealand,"18,567",20.2,20%,57:43:00,46.3—50.4,30.5,30.7,80.1,35.6,88.6
201-250,University of Oulu,Finland,"10,089",23.5,7%,50:50:00,46.3—50.4,30.3,32.6,75.1,39.9,54.2
201-250,Paris Descartes University,France,"32,978",24.4,15%,63:37:00,46.3—50.4,24.6,32.5,84.6,38.6,51.7
201-250,Paris Diderot University – Paris 7,France,"27,836",14.8,17%,63:37:00,46.3—50.4,28.9,24,91.8,32.9,65.7
201-250,Politecnico di Milano,Italy,"33,486",25.3,13%,35 : 65,46.3—50.4,32.6,30.3,76.4,59.3,52.6
201-250,Queensland University of Technology,Australia,"34,398",36.3,17%,54:46:00,46.3—50.4,28.4,37.9,67.4,58.9,77.9
201-250,Queen’s University,Canada,"21,015",22.6,11%,58:42:00,46.3—50.4,38.9,34.8,60.9,41.7,64.7
201-250,Queen’s University Belfast,United Kingdom,"17,350",16.1,32%,55:45:00,46.3—50.4,31.2,31.9,78.3,37.1,94.3
201-250,RCSI University of Medicine and Health Sciences,Ireland,"2,184",18.2,62%,n/a,46.3—50.4,35.5,18.6,81.7,37.1,89.5
201-250,Shanghai Jiao Tong University,China,"36,535",12.3,6%,41:59:00,46.3—50.4,51.9,56.5,41.5,90.5,29.3
201-250,Simon Fraser University,Canada,"26,607",28.3,29%,55:45:00,46.3—50.4,23.8,31.9,77,47.5,89.3
201-250,University of South Florida (Tampa),United States,"32,016",19,11%,n/a,46.3—50.4,27.8,34.9,75.2,95.8,44.4
201-250,"St George’s, University of London",United Kingdom,"3,075",14.6,16%,62:38:00,46.3—50.4,21.3,20.7,100,35.5,67.7
201-250,Stony Brook University,United States,"22,867",10.9,24%,49:51:00,46.3—50.4,34.7,24.5,86.8,35.6,55.6
201-250,University of Stuttgart,Germany,"15,721",30.3,14%,30 : 70,46.3—50.4,42.3,44.5,53.4,100,47.2
201-250,University of Technology Sydney,Australia,"25,069",44,35%,52:48:00,46.3—50.4,27.1,40,73.8,44.2,92.3
201-250,Technical University of Darmstadt,Germany,"20,719",51.9,18%,28 : 72,46.3—50.4,38.2,43,52.5,95.1,54.7
201-250,Tel Aviv University,Israel,"23,663",24,4%,n/a,46.3—50.4,41,51.1,55.1,45.3,49.1
201-250,University of Texas at Dallas,United States,"17,825",25,25%,44:56:00,46.3—50.4,26.9,32.5,90.4,43.3,53.1
201-250,Tohoku University,Japan,"17,349",5.4,9%,26 : 74,46.3—50.4,48.6,47.3,50.4,69.5,32.4
201-250,University of Trento,Italy,"17,118",28.2,9%,52:48:00,46.3—50.4,23.6,27.7,89.3,41.3,57.3
201-250,University of Utah,United States,"30,193",14.8,10%,45:55:00,46.3—50.4,37.9,30.5,86.7,47.8,32.5
201-250,Wake Forest University,United States,"7,451",4.5,5%,50:50:00,46.3—50.4,37.8,20.3,92.6,41.3,26.1
201-250,Western University,Canada,"28,060",21.6,16%,55:45:00,46.3—50.4,40.1,34.9,69.3,55.1,73.6
201-250,Zhejiang University,China,"47,845",15.2,5%,41:59:00,46.3—50.4,51.7,54.2,44.5,89.2,22
201-250,École Normale Supérieure de Lyon,France,"2,238",8.4,15%,46:54:00,46.3—50.4,44.5,30.4,64.5,34.9,68.4
251-300,University of Bath,United Kingdom,"11,765",16.5,30%,45:55:00,43.5—46.2,31.8,31,65.1,37.2,85.5
251-300,University of Bayreuth,Germany,"12,709",37.8,7%,46:54:00,43.5—46.2,32.6,31.4,66.3,63.5,53.8
251-300,Bielefeld University,Germany,"22,279",69.6,8%,57:43:00,43.5—46.2,37.6,43.7,55.6,59.3,46.2
251-300,University at Buffalo,United States,"26,418",18.8,21%,46:54:00,43.5—46.2,38,29,66.1,42.8,64.6
251-300,Chalmers University of Technology,Sweden,"8,819",11.9,15%,31 : 69,43.5—46.2,38.8,28.5,61.9,70.8,75.8
251-300,Charles Darwin University,Australia,"6,096",21.3,25%,66:34:00,43.5—46.2,18.4,19,91.7,44.3,77.2
251-300,Colorado School of Mines,United States,"5,437",17.7,11%,27 : 73,43.5—46.2,32.6,27.8,73.5,74.9,39.9
251-300,Copenhagen Business School,Denmark,"19,154",42.9,21%,48:52:00,43.5—46.2,19.8,24.4,76.8,39.4,89.9
251-300,Dalhousie University,Canada,"15,293",14.9,19%,55:45:00,43.5—46.2,29.1,29.6,70.7,47.6,80.1
251-300,Deakin University,Australia,"34,968",31.1,17%,59:41:00,43.5—46.2,23,24.5,75.5,34.1,76.8
251-300,Free University of Bozen-Bolzano,Italy,"2,813",4.1,16%,67:33:00,43.5—46.2,22.8,8.1,96.1,32.3,79.9
251-300,University of Fribourg,Switzerland,"10,701",46.2,18%,58:42:00,43.5—46.2,33.7,32.7,56.8,59.7,86.8
251-300,Griffith University,Australia,"31,031",22.3,20%,56:44:00,43.5—46.2,22.6,28.5,74.8,41.3,82.3
251-300,University of Hohenheim,Germany,"9,524",42.1,13%,57:43:00,43.5—46.2,34.1,30.1,66.5,49.6,51.1
251-300,James Cook University,Australia,"12,004",22.9,13%,63:37:00,43.5—46.2,21.7,22.3,84.2,43.2,74.1
251-300,Johannes Gutenberg University of Mainz,Germany,"35,215",31.5,10%,58:42:00,43.5—46.2,35.8,22,76.3,57.8,54.5
251-300,Koç University,Turkey,"4,793",14.6,9%,52:48:00,43.5—46.2,25.2,29.8,70.3,81.9,54.4
251-300,Université Laval,Canada,"28,757",16.9,12%,57:43:00,43.5—46.2,37,27.3,67.2,54.7,65.5
251-300,Macquarie University,Australia,"27,532",32.8,24%,55:45:00,43.5—46.2,32.5,36.5,62.3,41.3,75
251-300,University of Marburg,Germany,"26,085",39,9%,56:44:00,43.5—46.2,35.1,27.2,73.7,37.4,49.6
251-300,Mines ParisTech,France,"1,289",5.5,26%,29 : 71,43.5—46.2,43.5,20.3,64.5,98.6,63.4
251-300,National Tsing Hua University,Taiwan,"10,260",13.6,6%,33 : 67,43.5—46.2,38.7,40.1,55.8,47.3,26.6
251-300,Norwegian University of Science and Technology,Norway,"22,031",18.3,11%,48:52:00,43.5—46.2,30.1,32.8,65.5,46.5,65.3
251-300,Oregon Health and Science University,United States,"2,861",1.1,2%,65:35:00,43.5—46.2,29.7,15.3,97.6,44.9,23.2
251-300,Osaka University,Japan,"23,087",7.6,9%,30 : 70,43.5—46.2,52.6,49.6,38.2,73.9,28.8
251-300,University of Ottawa,Canada,"34,946",25.3,15%,60:40:00,43.5—46.2,38.1,21,67.5,41.5,71.8
251-300,Rensselaer Polytechnic Institute,United States,"6,829",15.5,17%,31 : 69,43.5—46.2,33.6,33.5,67.3,79.1,43.1
251-300,Ruhr University Bochum,Germany,"42,718",61.2,13%,49:51:00,43.5—46.2,36.7,36.2,56.9,59.2,51.6
251-300,Rush University,United States,"1,987",2.2,3%,71:29:00,43.5—46.2,38.4,13.6,89.8,44,22.3
251-300,Sapienza University of Rome,Italy,"115,327",31.8,7%,59:41:00,43.5—46.2,38.3,35.3,67.2,41,37.6
251-300,University of South Australia,Australia,"19,996",29.6,33%,57:43:00,43.5—46.2,29.9,29.9,58.4,82.9,90.1
251-300,University of Southern Denmark,Denmark,"25,313",13.5,16%,53:47:00,43.5—46.2,21.4,23.6,81.6,69.9,76.9
251-300,University of Surrey,United Kingdom,"10,375",13.3,38%,54:46:00,43.5—46.2,30,32.6,60.9,37.6,91.8
251-300,Swedish University of Agricultural Sciences,Sweden,"3,838",4.6,%,68:32:00,43.5—46.2,31.3,22.3,77.7,98.9,46.8
251-300,Syracuse University,United States,"19,930",16.1,17%,54:46:00,43.5—46.2,32.9,25.9,75.4,36.4,41.4
251-300,University of São Paulo,Brazil,"83,201",14.7,4%,48:52:00,43.5—46.2,57.2,60.2,25.7,39.6,28.3
251-300,University of Tampere,Finland,"9,530",21.7,5%,66:34:00,43.5—46.2,26.2,29.3,75.9,52.2,40.1
251-300,The University of Tennessee-Knoxville,United States,"26,988",17.8,4%,n/a,43.5—46.2,30.5,21.5,83,42.1,39.5
251-300,Tokyo Institute of Technology,Japan,"9,587",7.4,13%,0.602083333,43.5—46.2,48.4,50.5,41.7,64.1,32.9
251-300,Umeå University,Sweden,"16,698",11.7,10%,60:40:00,43.5—46.2,22.6,28.6,79.7,35.2,59.9
251-300,TU Wien,Austria,"17,620",35.8,27%,29 : 71,43.5—46.2,38.1,25.5,57.7,70.9,79.1
251-300,Virginia Polytechnic Institute and State University,United States,"30,850",18.1,10%,42:58:00,43.5—46.2,34.9,39.9,62.1,44.1,31.4
251-300,William & Mary,United States,"7,963",11.9,8%,55:45:00,43.5—46.2,40.8,16.8,82.2,32.7,28.8
251-300,University of Wollongong,Australia,"16,581",25.5,24%,50:50:00,43.5—46.2,28.3,32.1,64.1,49.2,87
251-300,Yonsei University,South Korea,"22,469",11.9,20%,n/a,43.5—46.2,44.2,40.1,44,79.8,48.3
301-350,Aberystwyth University,United Kingdom,"8,735",17.1,18%,47:53:00,40.7—43.3,20.5,21.3,77.5,34.9,75.1
301-350,Aix-Marseille University,France,"74,345",19.6,13%,60:40:00,40.7—43.3,34.5,21.2,69.5,35.1,57.2
301-350,University of Alaska Fairbanks,United States,"3,875",8.4,7%,52:48:00,40.7—43.3,28.3,24,70.5,50.5,55
301-350,Anglia Ruskin University (ARU),United Kingdom,"16,740",24.4,25%,61:39:00,40.7—43.3,14.7,10.5,99.2,32.8,67
301-350,Bangor University,United Kingdom,"9,160",18.3,21%,55:45:00,40.7—43.3,25.2,21.9,65.9,33.6,81.3
301-350,University of Bordeaux,France,"52,169",19.5,12%,58:42:00,40.7—43.3,29.8,19.6,76.6,34.6,54.4
301-350,University of Bremen,Germany,"18,904",34.8,11%,50:50:00,40.7—43.3,36.2,29.4,61.7,47,50.4
301-350,Brunel University London,United Kingdom,"11,645",16.4,39%,46:54:00,40.7—43.3,24.9,26,61.3,37.2,92.3
301-350,Central European University,Austria,"1,298",5.8,77%,51:49:00,40.7—43.3,39.8,27,48.8,32.2,97
301-350,Clark University,United States,"3,239",11.7,25%,57:43:00,40.7—43.3,24.4,8,93.7,32.8,59
301-350,"Colorado State University, Fort Collins",United States,"23,998",16.4,5%,53:47:00,40.7—43.3,29.6,32.6,63.4,43.6,35.1
301-350,University of Connecticut,United States,"26,109",12.6,7%,51:49:00,40.7—43.3,37,28.2,62.5,35.1,40.6
301-350,University of Crete,Greece,"14,518",26.7,4%,62:38:00,40.7—43.3,18.7,19.1,83,37.8,46.9
301-350,University of Denver,United States,"9,568",13.3,10%,57:43:00,40.7—43.3,37.7,23.6,67.2,34.9,28.7
301-350,University of Essex,United Kingdom,"10,155",18.3,44%,54:46:00,40.7—43.3,32.3,36,47.7,32.8,95.2
301-350,University of Toulouse,France,"93,250",23.3,19%,54:46:00,40.7—43.3,30.9,26.2,62.4,36.2,62.8
301-350,George Mason University,United States,"27,337",17.4,8%,54:46:00,40.7—43.3,28.1,24.6,73.4,33.4,38.7
301-350,University of Georgia,United States,"33,241",19.5,7%,57:43:00,40.7—43.3,33,35,57.2,34.9,41.7
301-350,"Goldsmiths, University of London",United Kingdom,"7,255",16.5,38%,67:33:00,40.7—43.3,28.4,30.6,63.8,32.2,75.4
301-350,Grenoble Alpes University,France,"37,815",16.3,15%,53:47:00,40.7—43.3,26.7,21.9,71.7,34.3,60
301-350,Gwangju Institute of Science and Technology (GIST),South Korea,"1,575",10.7,7%,1.011805556,40.7—43.3,39.5,39.9,51.9,44.9,35.2
301-350,University of Innsbruck,Austria,"14,360",13.3,38%,54:46:00,40.7—43.3,26.1,18.7,70.8,43.1,96.2
301-350,Justus Liebig University Giessen,Germany,"27,980",46.9,9%,61:39:00,40.7—43.3,33.2,29.4,60.5,41.5,46.9
301-350,University of Kent,United Kingdom,"17,080",13.1,29%,53:47:00,40.7—43.3,22.8,22.3,68.7,32.5,89.3
301-350,Linköping University,Sweden,"18,966",8.2,11%,51:49:00,40.7—43.3,23.9,15.3,79.6,41.7,62.1
301—350,University of Liège,Belgium,"21,611",27.9,23%,54:46:00,40.7—43.3,27.1,33.3,55.4,99.4,70.3
301-350,Loughborough University,United Kingdom,"13,675",14.9,22%,38 : 62,40.7—43.3,32.9,34.4,54,37,73.2
301-350,University of Milan,Italy,"58,990",27.6,5%,59:41:00,40.7—43.3,32.8,24.5,69.9,42.9,39.4
301-350,Moscow Institute of Physics and Technology (MIPT),Russian Federation,"5,535",7.8,12%,n/a,40.7—43.3,47.7,33.1,40.8,98.7,50
301-350,Nagoya University,Japan,"15,619",8,10%,29 : 71,40.7—43.3,44.4,41.8,41.2,83.6,28.3
301-350,University of Navarra,Spain,"10,584",14.1,16%,52:48:00,40.7—43.3,29.7,23.9,65.3,55.6,55.6
301-350,University of Nebraska-Lincoln,United States,"22,068",16.2,10%,47:53:00,40.7—43.3,31.2,29.1,67.2,38.5,48
301-350,University of Oregon,United States,"24,268",19.8,13%,52:48:00,40.7—43.3,24.8,24.5,77.7,33.3,35.5
301-350,Oregon State University,United States,"23,464",16.3,10%,46:54:00,40.7—43.3,29.3,28.2,69.7,36,46
301-350,University of Padua,Italy,"62,267",19.1,4%,55:45:00,40.7—43.3,24.5,20.4,80.6,35.5,39
301-350,University of Pavia,Italy,"22,010",38.7,7%,57:43:00,40.7—43.3,25.3,22.1,73.6,59.3,43.3
301-350,Royal Veterinary College,United Kingdom,"1,800",10.3,18%,76:24:00,40.7—43.3,26.4,18.3,69.1,41.8,83.3
301-350,Sabancı University,Turkey,"2,999",17.7,8%,39 : 61,40.7—43.3,24.3,32.9,61.6,77.7,46.7
301-350,Saint Louis University,United States,"11,919",5.7,8%,58:42:00,40.7—43.3,36,11.9,80.4,33.9,28.9
301-350,University of Stirling,United Kingdom,"8,030",15.2,20%,61:39:00,40.7—43.3,22.6,24.7,69.6,33.7,75.1
301-350,University of Strasbourg,France,"43,709",17.2,19%,58:42:00,40.7—43.3,27.2,21.3,67.8,35.7,69.6
301-350,Swansea University,United Kingdom,"13,050",16.5,21%,48:52:00,40.7—43.3,21,26.1,71.8,35.7,75.8
301-350,University of Tartu,Estonia,"9,464",12.2,4%,66:34:00,40.7—43.3,23.6,23.1,80.9,34.5,48.4
301-350,University of Tasmania,Australia,"14,838",19.7,18%,58:42:00,40.7—43.3,22.3,29.6,66.3,51.7,77.3
301-350,TU Dortmund University,Germany,"30,998",100.3,10%,46:54:00,40.7—43.3,35.5,29.8,57.1,48.7,41.5
301-350,Technion Israel Institute of Technology,Israel,"13,926",19.8,4%,35 : 65,40.7—43.3,33.2,36.1,55.9,38.7,62.5
301-350,Temple University,United States,"33,672",13.3,6%,52:48:00,40.7—43.3,37.2,21.6,68.4,37.4,31.1
301-350,University of Turku,Finland,"12,167",15.9,5%,62:38:00,40.7—43.3,27,22.7,72.6,34.5,49.6
301-350,University of Victoria,Canada,"18,028",22,12%,57:43:00,40.7—43.3,22.1,22.5,77.9,37.9,73.7
301-350,Vrije Universiteit Brussel,Belgium,"12,484",21.8,21%,54:46:00,40.7—43.3,27.3,23.7,66.7,48.3,70
301-350,York University,Canada,"46,565",40.8,22%,58:42:00,40.7—43.3,29.9,39.7,50.7,37.4,73.5
351-400,Aston University,United Kingdom,"8,565",16.3,32%,48:52:00,37.6—40.6,20.6,23.9,56.2,34.3,93.5
351-400,Bilkent University,Turkey,"9,761",14.1,4%,46:54:00,37.6—40.6,23.4,19.9,68.3,39.7,51.9
351-400,SUNY Binghamton University,United States,"16,628",23.7,14%,48:52:00,37.6—40.6,24.3,20.4,68.5,35.9,40.3
351-400,University of Calabria,Italy,"30,219",36.4,3%,59:41:00,37.6—40.6,14.7,25.8,84.2,33.4,31.1
351-400,University of Canterbury,New Zealand,"11,943",16.4,20%,50:50:00,37.6—40.6,23.8,26.8,56.2,40.5,89.7
351-400,"City, University of London",United Kingdom,"12,490",16.1,49%,54:46:00,37.6—40.6,24.1,25.9,56.2,33.3,91
351-400,Claude Bernard University Lyon 1,France,"35,944",17.2,8%,50:50:00,37.6—40.6,21.1,16.9,73.1,37.6,47.8
351-400,University College Cork,Ireland,"15,877",22.4,16%,56:44:00,37.6—40.6,27.7,25.7,54.1,50.6,76
351-400,University of Cyprus,Cyprus,"7,025",22.5,8%,69:31:00,37.6—40.6,19.1,25.4,66.6,34.7,75
351-400,Drexel University,United States,"21,153",11,18%,49:51:00,37.6—40.6,32.6,16,62,37.9,47.8
351-400,University of Eastern Finland,Finland,"11,098",17.7,6%,63:37:00,37.6—40.6,25,20.5,74.5,35.6,48
351-400,Flinders University,Australia,"16,465",23.6,16%,63:37:00,37.6—40.6,22.3,11.3,74.9,36.5,66.1
351-400,Graz University of Technology,Austria,"6,312",10.1,16%,1.011805556,37.6—40.6,28.5,15.4,60,67.8,71.2
351-400,University of Guelph,Canada,"21,547",28.4,4%,60:40:00,37.6—40.6,26.1,33,48.7,46.9,55.4
351-400,Hanyang University,South Korea,"21,629",14.1,15%,n/a,37.6—40.6,35,35.6,35.6,81.8,51.5
351-400,Hong Kong Baptist University,Hong Kong,"11,038",11.1,29%,62:38:00,37.6—40.6,23.3,13.6,67.4,32.9,79.1
351-400,University of Houston,United States,"39,402",42.5,9%,50:50:00,37.6—40.6,35.4,29.4,54.3,40.6,36.8
351-400,ITMO University,Russian Federation,"11,875",10.4,10%,n/a,37.6—40.6,27.3,17.2,67.1,72.4,40.8
351-400,Indian Institute of Technology Bombay,India,"9,207",16.3,1%,0.765972222,37.6—40.6,39.2,31.1,52.8,46.9,19.2
351-400,Iowa State University,United States,"32,951",18.7,12%,46:54:00,37.6—40.6,31.2,25.3,60.6,47.5,37.9
351-400,University of Kaiserslautern,Germany,"14,226",53.7,15%,37 : 63,37.6—40.6,34.7,23.2,50.3,69.2,46.3
351-400,University of Kansas,United States,"24,345",7.6,9%,51:49:00,37.6—40.6,36.7,24.5,54.5,38.3,33.7
351-400,University of Kentucky,United States,"31,225",19,6%,53:47:00,37.6—40.6,36.6,29.3,51.4,39,38.2
351-400,Kyung Hee University,South Korea,"23,692",17.3,16%,47:53:00,37.6—40.6,28.5,35.5,48.5,79.3,51.5
351-400,Kyushu University,Japan,"18,650",6.6,11%,29 : 71,37.6—40.6,41.9,35.1,35.7,70.8,31.2
351-400,La Trobe University,Australia,"22,422",29.6,25%,63:37:00,37.6—40.6,26.7,29.7,49,45.5,78.7
351-400,Leibniz University Hannover,Germany,"23,126",61.9,12%,41:59:00,37.6—40.6,37.4,37.1,43.2,62,44.5
351-400,University of Macau,Macao,"8,981",14.6,33%,58:42:00,37.6—40.6,21.5,22,53.3,46.3,98.8
351-400,Autonomous University of Madrid,Spain,"26,969",12.4,16%,60:40:00,37.6—40.6,32.3,28.3,57.4,35.8,51.6
351-400,University of Milan-Bicocca,Italy,"32,892",65.8,6%,62:38:00,37.6—40.6,25.5,22.7,70.8,43.9,42.2
351-400,Mizzou - University of Missouri,United States,"30,535",11.3,6%,53:47:00,37.6—40.6,30.9,19.3,67,33.8,34
351-400,Montpellier University,France,"39,313",19.7,14%,54:46:00,37.6—40.6,32.7,18.1,64.6,35.9,57.7
351-400,Maynooth University,Ireland,"7,850",28.8,12%,55:45:00,37.6—40.6,25.5,24.2,61,37.5,77.6
351-400,Norwegian University of Life Sciences,Norway,"5,655",7.3,21%,53:47:00,37.6—40.6,25.7,13.2,68.3,37.9,78
351-400,University of Oklahoma,United States,"27,054",10.3,6%,52:48:00,37.6—40.6,33.5,17.9,64.1,37.3,33.6
351-400,Paris-Sorbonne University – Paris 4,France,"21,488",27.9,19%,70:30:00,37.6—40.6,48.6,38.6,27.9,32.2,54.2
351-400,University of Plymouth,United Kingdom,"18,510",19.3,14%,52:48:00,37.6—40.6,20,20.4,71.9,32.5,66.6
351-400,Polytechnic University of Turin,Italy,"29,422",27.9,16%,29 : 71,37.6—40.6,25.8,19,66.8,49.4,48.5
351-400,University of Salerno,Italy,"37,862",56.3,1%,61:39:00,37.6—40.6,18.2,13.1,86.7,39.2,30.8
351-400,Swinburne University of Technology,Australia,"13,606",26.4,27%,39 : 61,37.6—40.6,22.9,24,60.3,35.5,74.5
351-400,The University of Texas at San Antonio,United States,"25,870",21.4,7%,48:52:00,37.6—40.6,17.3,16.2,85,32.4,32.6
351-400,Toyota Technological Institute,Japan,505,11.2,3%,0.35625,37.6—40.6,22.2,17,78.6,59,24.1
351-400,University of Trieste,Italy,"18,144",26.5,9%,56:44:00,37.6—40.6,26.1,17.9,74.9,35.7,46
351-400,Tulane University,United States,"11,495",11.8,11%,56:44:00,37.6—40.6,41.4,15.7,61,35.5,37.9
351-400,University of Turin,Italy,"67,678",43.7,6%,63:37:00,37.6—40.6,21.2,20.4,72.9,45.4,38.9
351-400,Victoria University,Australia,"15,270",32.5,22%,55:45:00,37.6—40.6,22.5,22.1,66.9,37.2,70.8
351-400,Victoria University of Wellington,New Zealand,"16,940",20.1,21%,55:45:00,37.6—40.6,23.3,30.2,48.4,53.6,88.6
351-400,Washington State University,United States,"26,439",20.1,8%,51:49:00,37.6—40.6,29.6,29.6,59.8,56.9,43.3
351-400,Wayne State University,United States,"22,405",10.7,8%,57:43:00,37.6—40.6,33,15.7,71.9,42.2,33.3
351-400,École des Ponts ParisTech,France,"1,810",12.9,44%,31 : 69,37.6—40.6,32.9,13.8,61.2,69.7,65.9
351-400,Örebro University,Sweden,"8,698",15.9,2%,61:39:00,37.6—40.6,17.7,5.9,91.7,33.7,43.6
401-500,American University,United States,"11,636",12,12%,61:39:00,32.6—37.5,40.5,21.3,51.4,37.8,30.1
401-500,Aristotle University of Thessaloniki,Greece,"44,433",22.3,9%,58:42:00,32.6—37.5,20,15.8,61.8,37.3,39.9
401-500,Atılım University,Turkey,"6,394",27.2,8%,n/a,32.6—37.5,19,8.1,75.3,47.9,33.2
401-500,University of Aveiro,Portugal,"10,641",17.7,9%,51:49:00,32.6—37.5,30.2,26.2,44.5,41.5,46.5
401-500,Bar-Ilan University,Israel,"16,974",15.1,5%,59:41:00,32.6—37.5,23.5,23,49,32.8,51.5
401-500,University of Bari Aldo Moro,Italy,"49,536",67,2%,64:36:00,32.6—37.5,26,17,61.5,40.4,33.2
401-500,University of Bergamo,Italy,"15,849",49.2,6%,63:37:00,32.6—37.5,22.2,15.8,64.8,39,31.6
401-500,Boğaziçi University,Turkey,"11,555",25.6,7%,50:50:00,32.6—37.5,20.9,23.8,57.7,57.4,45.4
401-500,University of Brescia,Italy,"14,616",26.4,7%,46:54:00,32.6—37.5,15.1,14.1,74.5,38.2,37.9
401-500,University of Campinas,Brazil,"26,966",14.9,3%,48:52:00,32.6—37.5,44.9,39.6,28,46.5,24.1
401-500,University of Canberra,Australia,"11,287",31,28%,53:47:00,32.6—37.5,19.9,24.6,50.8,35,60.1
401-500,Universitat Politècnica de Catalunya,Spain,"21,995",10.2,12%,27 : 73,32.6—37.5,27.1,17.5,51.2,41.5,51.4
401-500,Central Queensland University,Australia,"12,300",26.6,28%,57:43:00,32.6—37.5,19,9.9,73.7,35.1,59.4
401-500,Charles University,Czech Republic,"50,992",13.3,15%,61:39:00,32.6—37.5,30.5,21.4,54.6,32.4,54.6
401-500,Chung-Ang University,South Korea,"12,221",16.8,22%,44:56:00,32.6—37.5,36.4,31.9,23.3,63.6,49.9
401-500,University of Coimbra,Portugal,"23,329",20.1,14%,55:45:00,32.6—37.5,24.1,27.2,44.6,38.2,51.3
401-500,Curtin University,Australia,"31,353",18.4,36%,53:47:00,32.6—37.5,21,23.5,52.1,39.5,93.8
401-500,Cyprus University of Technology,Cyprus,"3,012",18.9,6%,57:43:00,32.6—37.5,17.1,13.1,70.3,34,67
401-500,Dublin City University,Ireland,"8,856",24.9,18%,50:50:00,32.6—37.5,26.7,26.7,42.7,46.7,78.6
401-500,Ewha Womans University,South Korea,"14,989",14.2,10%,100:00:00,32.6—37.5,28.4,23.9,46.7,68.7,41.4
401-500,Federico Santa María Technical University,Chile,"18,424",28.3,2%,0.970833333,32.6—37.5,14.2,10.8,69,41,54.7
401-500,University of Ferrara,Italy,"13,781",22.9,7%,56:44:00,32.6—37.5,18.8,17.2,68.4,40.3,42.8
401-500,University of Florence,Italy,"53,378",18.3,7%,60:40:00,32.6—37.5,20,14,72.6,38.1,40.4
401-500,Florida International University,United States,"33,983",25.8,7%,56:44:00,32.6—37.5,25.4,20.1,57.7,35.2,35.3
401-500,University of Genoa,Italy,"35,777",29.2,9%,56:44:00,32.6—37.5,27.7,16.7,64.3,45.2,40.2
401-500,Georgia State University,United States,"28,788",19.2,5%,58:42:00,32.6—37.5,28.1,23.7,60.2,32.3,30.5
401-500,University of Graz,Austria,"20,770",23.6,12%,65:35:00,32.6—37.5,23.1,17,56.2,33.2,69.5
401-500,University of Greifswald,Germany,"8,628",17,5%,54:46:00,32.6—37.5,30.3,19.7,60.6,37.7,43.8
401-500,Hasselt University,Belgium,"4,913",16.8,10%,46:54:00,32.6—37.5,21.7,20.9,61.6,49.7,55.2
401-500,Heriot-Watt University,United Kingdom,"9,290",16.9,42%,41:59:00,32.6—37.5,22.2,24,49.3,42.8,92.1
401-500,HSE University,Russian Federation,"16,170",9.1,5%,n/a,32.6—37.5,31.4,26.6,46.6,40.3,32.2
401-500,Hokkaido University,Japan,"18,055",8.1,9%,29 : 71,32.6—37.5,42.2,36.2,30.9,55,29.8
401-500,Huazhong University of Science and Technology,China,"56,211",17.1,4%,35 : 65,32.6—37.5,31,24.7,43.6,68,19.9
401-500,Indian Institute of Technology Delhi,India,"6,926",13.8,1%,0.847916667,32.6—37.5,37.5,23.9,47,71.7,15.9
401-500,Indian Institute of Technology Kanpur,India,"6,513",16.7,1%,0.643055556,32.6—37.5,34.6,22.9,38.4,98.8,17.9
401-500,Indian Institute of Technology Madras,India,"8,692",15.5,1%,0.847916667,32.6—37.5,38.3,22.3,41.2,81.1,17.5
401-500,Johannes Kepler University of Linz,Austria,"6,652",11.7,9%,51:49:00,32.6—37.5,25.3,15.5,49.9,41.2,58
401-500,University of Jyväskylä,Finland,"9,591",15.4,5%,62:38:00,32.6—37.5,27.7,13.9,55.4,35.4,48.2
401-500,Kazan Federal University,Russian Federation,"24,028",10.9,9%,71:29:00,32.6—37.5,25.2,14.3,61.2,42.5,30.4
401-500,Keele University,United Kingdom,"8,300",15,22%,56:44:00,32.6—37.5,18.3,20.4,53.6,33.2,73.6
401-500,Kent State University,United States,"23,059",18.6,8%,59:41:00,32.6—37.5,22.3,17.1,64.6,32.4,34.3
401-500,King Fahd University of Petroleum and Minerals,Saudi Arabia,"6,617",6.8,21%,0.069444444,32.6—37.5,28.7,16.8,36.7,92.8,86.8
401-500,Lehigh University,United States,"6,400",11.3,16%,44:56:00,32.6—37.5,24.9,18.5,63.2,38,39.1
401-500,University of Lille,France,"67,189",27.5,12%,56:44:00,32.6—37.5,19.3,18.8,56.9,37.4,55.4
401-500,Lincoln University,New Zealand,"2,985",14,23%,47:53:00,32.6—37.5,25.5,20.8,49.6,41.7,86
401-500,University of Lisbon,Portugal,"47,756",17.8,10%,52:48:00,32.6—37.5,26.3,24,59,37.8,47.6
401-500,Makerere University,Uganda,"37,423",29.2,9%,51:49:00,32.6—37.5,15.1,11.8,78,36.7,58.3
401-500,University of Manitoba,Canada,"29,111",28,13%,55:45:00,32.6—37.5,28.7,26.3,53.4,40.6,42.2
401-500,Marche Polytechnic University,Italy,"16,830",23.6,4%,46:54:00,32.6—37.5,21.2,7.2,85.8,37.5,28.1
401-500,"University of Maryland, Baltimore County",United States,"13,979",17.8,8%,46:54:00,32.6—37.5,21.3,18.7,58.8,33.4,29.6
401-500,Massey University,New Zealand,"18,681",16.1,28%,61:39:00,32.6—37.5,22.5,19.6,43.3,39.1,92.2
401-500,University of Modena and Reggio Emilia,Italy,"20,141",26.4,6%,54:46:00,32.6—37.5,16.2,10.2,76.2,36,36
401-500,University of Montana,United States,"10,304",17.6,4%,55:45:00,32.6—37.5,34.4,15.4,64.8,36,25.4
401-500,Murdoch University,Australia,"16,391",33.2,45%,59:41:00,32.6—37.5,17.9,23.5,57.3,42.8,90.7
401-500,Nantes Université,France,"34,714",22.8,11%,55:45:00,32.6—37.5,17.3,15.5,64.9,35.5,45.4
401-500,University of Naples Federico II,Italy,"82,500",61.2,0%,56:44:00,32.6—37.5,21.6,12.4,76.3,40.1,22.2
401-500,National Cheng Kung University (NCKU),Taiwan,"21,157",14.3,11%,36 : 64,32.6—37.5,30.4,38,29.2,99.4,29.9
401-500,National Chiao Tung University,Taiwan,"12,609",17.1,6%,27 : 73,32.6—37.5,33,40.2,35.3,89.3,33.4
401-500,National Research Nuclear University MEPhI,Russian Federation,"7,297",9.8,10%,29 : 71,32.6—37.5,38,27.2,41.9,99.7,35.9
401-500,National Taiwan University of Science and Technology (Taiwan Tech),Taiwan,"8,070",19,11%,31 : 69,32.6—37.5,30.1,40.5,38.5,70.1,32.3
401-500,University of Neuchâtel,Switzerland,"4,208",8.8,22%,60:40:00,32.6—37.5,24.9,17.6,46.1,34,91.4
401-500,New Mexico State University (Main campus),United States,"14,479",17.8,7%,53:47:00,32.6—37.5,19.8,21,59.3,36.9,33
401-500,University of Nice Sophia Antipolis,France,"28,218",20.7,21%,56:44:00,32.6—37.5,21.9,8,58.1,32.5,79.2
401-500,Northern Arizona University,United States,"23,167",24.8,5%,66:34:00,32.6—37.5,18.8,11.2,82.7,32.6,26.9
401-500,Novosibirsk State University,Russian Federation,"7,125",6.7,14%,50:50:00,32.6—37.5,43.2,28.3,33.6,36.3,36
401-500,The Open University,United Kingdom,"70,860",33.9,8%,61:39:00,32.6—37.5,18.8,15.8,58.8,32.6,51.7
401-500,Oxford Brookes University,United Kingdom,"12,930",17.6,27%,57:43:00,32.6—37.5,27.7,25.3,37.8,32.3,71.5
401-500,Panthéon-Sorbonne University – Paris 1,France,"40,121",32.8,20%,60:40:00,32.6—37.5,48,40.6,7.3,32.4,50.3
401-500,University of Pisa,Italy,"50,937",19.8,5%,52:48:00,32.6—37.5,20.4,18.5,73.3,36.5,34.3
401-500,Pontificia Universidad Católica de Chile,Chile,"26,188",15.6,7%,n/a,32.6—37.5,27.5,23,41.8,35.7,53.2
401-500,University of Porto,Portugal,"31,753",18.6,9%,54:46:00,32.6—37.5,28.6,26.2,42.3,39.9,45.3
401-500,University of Portsmouth,United Kingdom,"18,950",16.4,25%,45:55:00,32.6—37.5,16.7,13.2,61.8,32.6,82.4
401-500,Université du Québec à Montréal,Canada,"28,830",26.1,19%,61:39:00,32.6—37.5,23.9,20.7,54.3,32.4,58.5
401-500,RMIT University,Australia,"30,795",17.3,26%,47:53:00,32.6—37.5,23,20.7,53.6,40,85.6
401-500,Renmin University of China,China,"24,859",11.7,6%,n/a,32.6—37.5,42.5,19.4,35.4,43.2,46
401-500,University of Rome II – Tor Vergata,Italy,"31,393",18.4,6%,51:49:00,32.6—37.5,25.5,15.3,64.2,38.9,37.9
401-500,University of Rome III,Italy,"35,290",59,4%,59:41:00,32.6—37.5,23.4,20.6,67.5,37.6,37.2
401-500,Rovira i Virgili University,Spain,"12,637",13,10%,60:40:00,32.6—37.5,21.5,15.8,72.1,35.2,45.5
401-500,Saint Petersburg State University,Russian Federation,"21,924",5.5,7%,64:36:00,32.6—37.5,48.4,30.7,34,33.3,34
401-500,University of Salento,Italy,"19,983",58.8,1%,64:36:00,32.6—37.5,25,11.8,65.6,37.6,25.2
401-500,San Diego State University,United States,"28,358",31.8,6%,56:44:00,32.6—37.5,20.9,28.8,64.4,33.2,27.3
401-500,University of Saskatchewan,Canada,"19,154",17.9,15%,57:43:00,32.6—37.5,34.2,25,43.5,69,64.4
401-500,University of Siegen,Germany,"19,139",54.4,11%,50:50:00,32.6—37.5,22.2,24,60.8,40.7,50.1
401-500,SOAS University of London,United Kingdom,"4,755",11.6,54%,63:37:00,32.6—37.5,32.9,29.4,29.7,32.2,76
401-500,University of St Gallen,Switzerland,"7,175",11.3,34%,33 : 67,32.6—37.5,27.2,14.8,50.9,42.8,96.5
401-500,Stellenbosch University,South Africa,"22,478",23.9,8%,53:47:00,32.6—37.5,28.6,24.8,53,32.1,50.3
401-500,Stevens Institute of Technology,United States,"5,999",18.3,34%,29 : 71,32.6—37.5,21.8,18.3,52.2,33.7,77.3
401-500,University of Strathclyde,United Kingdom,"15,770",19.8,22%,49:51:00,32.6—37.5,24.2,31.2,36.2,46.6,75.1
401-500,Sun Yat-sen University,China,"51,866",16.9,8%,51:49:00,32.6—37.5,35.3,26.3,50,54.1,29.6
401-500,Tokyo Medical and Dental University (TMDU),Japan,"2,906",3.2,7%,50:50:00,32.6—37.5,39.4,19.5,50.1,58.2,23.2
401-500,Tokyo Metropolitan University,Japan,"9,294",9.6,4%,35 : 65,32.6—37.5,22.6,13.4,68.5,34,21.4
401-500,University of Tsukuba,Japan,"16,271",12.6,17%,38 : 62,32.6—37.5,40.1,32.7,35.1,42.4,37.1
401-500,UiT The Arctic University of Norway,Norway,"12,180",12,12%,60:40:00,32.6—37.5,22.7,17,64.3,36.9,67.3
401-500,Verona University,Italy,"24,390",18.7,6%,64:36:00,32.6—37.5,23.1,13.4,73.4,42.1,40.9
401-500,University of Waikato,New Zealand,"9,904",16.8,26%,57:43:00,32.6—37.5,20.9,23.2,49.5,34.7,87.8
401-500,Western Sydney University,Australia,"30,734",28.6,13%,57:43:00,32.6—37.5,17.9,24.4,57.9,35.6,77.5
401-500,Wuhan University,China,"49,152",14,7%,n/a,32.6—37.5,40.9,30.2,29.2,91.1,37.5
401-500,Xiamen University,China,"42,210",15.6,4%,49:51:00,32.6—37.5,26.7,21.6,54.2,7.7,25.5
401-500,École normale supérieure Paris-Saclay,France,"1,505",9.6,7%,26 : 74,32.6—37.5,32.1,9.6,54,44,50.7
501-600,American University of Beirut,Lebanon,"7,836",8.8,23%,52:48:00,27.6—32.5,28.5,12.8,38.4,38.5,88.1
501-600,"University of the Andes, Colombia",Colombia,"16,880",17.5,2%,44:56:00,27.6—32.5,19.9,14.9,50,49.4,55.5
501-600,University of Arkansas,United States,"23,545",20.3,5%,51:49:00,27.6—32.5,24.4,19.2,39.2,39.1,27.9
501-600,Athens University of Economics and Business,Greece,"11,659",48,6%,44:56:00,27.6—32.5,16.9,20.5,41.2,37.9,43.1
501-600,Auckland University of Technology,New Zealand,"17,627",16.9,39%,59:41:00,27.6—32.5,17.8,12.5,45.9,33.9,94.8
501-600,University of the Basque Country,Spain,"44,806",14.8,6%,52:48:00,27.6—32.5,20.9,14.3,50.2,34.7,37.9
501-600,Ben-Gurion University of the Negev,Israel,"16,477",20.1,3%,51:49:00,27.6—32.5,23.8,27.5,35.5,42.9,34.5
501-600,Bond University,Australia,"3,201",13.6,35%,53:47:00,27.6—32.5,18.7,21.2,37.1,36.3,89.5
501-600,Université Bourgogne Franche-Comté (UBFC),France,"54,487",26.2,11%,53:47:00,27.6—32.5,21.5,11.7,56.6,34.5,51.6
501-600,University of Cagliari,Italy,"29,743",30.5,2%,62:38:00,27.6—32.5,19,12.2,56.6,35.2,34.5
501-600,Carleton University,Canada,"25,795",30.4,19%,48:52:00,27.6—32.5,19.5,25.6,33.9,33.9,63.6
501-600,University of Catania,Italy,"53,120",33.9,1%,61:39:00,27.6—32.5,15.3,12.9,68.3,34.6,26.8
501-600,Università Cattolica del Sacro Cuore,Italy,"30,263",18.9,8%,n/a,27.6—32.5,18,7.6,56.4,40.3,39.1
501-600,Ca’ Foscari University of Venice,Italy,"20,478",41.9,7%,65:35:00,27.6—32.5,21.1,25.9,46.1,35.3,41.2
501-600,University of Chile,Chile,"38,079",17.4,4%,47:53:00,27.6—32.5,25.4,18.4,36.9,32.1,46.7
501-600,China Agricultural University,China,"18,945",11.7,2%,58:42:00,27.6—32.5,33.9,21.8,29.4,47.8,18.6
501-600,"China Medical University, Taiwan",Taiwan,"7,810",16.4,9%,53:47:00,27.6—32.5,24,24.4,45.2,69.6,27
501-600,Complutense University of Madrid,Spain,"63,925",20.3,12%,62:38:00,27.6—32.5,30.7,27.1,36.7,36,40.1
501-600,Concordia University,Canada,"31,440",30.6,27%,50:50:00,27.6—32.5,19.2,24.7,40.9,34.4,79.2
501-600,Creighton University,United States,"7,127",9.8,9%,57:43:00,27.6—32.5,42.3,9.7,45.1,35.7,27.8
501-600,East China Normal University,China,"28,674",13.4,11%,64:36:00,27.6—32.5,27.4,18.7,46.7,45.1,41.6
501-600,East China University of Science and Technology,China,"23,869",13.3,5%,38 : 62,27.6—32.5,22.5,15.2,51.9,60.7,25.6
501-600,Edith Cowan University,Australia,"16,540",35.8,17%,61:39:00,27.6—32.5,17.9,19.1,45.7,36.5,68.5
501-600,University of Granada,Spain,"59,530",17.6,9%,58:42:00,27.6—32.5,21.9,16.8,46.3,33.2,43.1
501-600,Harbin Institute of Technology,China,"31,580",10.6,8%,29 : 71,27.6—32.5,31.1,27.7,24.4,97.7,27.9
501-600,University of Hertfordshire,United Kingdom,"17,550",17,27%,53:47:00,27.6—32.5,15.9,11.5,56.2,33,77.5
501-600,Hiroshima University,Japan,"14,639",8.2,6%,36 : 64,27.6—32.5,30,14,41.2,45.4,24
501-600,University of Hull,United Kingdom,"14,520",18,20%,52:48:00,27.6—32.5,19.9,20.8,46.4,34.2,73.3
501-600,Indian Institute of Technology Kharagpur,India,"10,586",17.6,0%,0.725,27.6—32.5,31,19.4,44.5,49.5,16
501-600,Indian Institute of Technology Roorkee,India,"8,134",14.2,1%,0.765972222,27.6—32.5,26.9,15.8,55.1,64.3,15.2
501-600,University of Ioannina,Greece,"21,266",39.3,4%,57:43:00,27.6—32.5,14.3,14.8,64.8,35.5,40.3
501-600,Iran University of Science and Technology,Iran,"12,236",28.2,0%,29 : 71,27.6—32.5,23.2,23.7,41.8,50.7,13.9
501-600,Istanbul Technical University,Turkey,"34,649",16.6,5%,33 : 67,27.6—32.5,24,24.6,32.4,100,24.8
501-600,Jadavpur University,India,"11,017",16.7,0%,32 : 68,27.6—32.5,32.1,15.4,37.6,39.1,14.1
501-600,Kansas State University,United States,"21,472",14.3,10%,49:51:00,27.6—32.5,25,17.9,40.7,44.4,43.9
501-600,"Khalifa University of Science, Technology and Research",United Arab Emirates,"1,047",8.7,22%,49:51:00,27.6—32.5,24.9,12.1,43.2,45.8,93.3
501-600,King Saud University,Saudi Arabia,"40,404",13.4,7%,n/a,27.6—32.5,24,27.9,28.7,96.4,76
501-600,University of KwaZulu-Natal,South Africa,"32,074",25.9,5%,59:41:00,27.6—32.5,21.5,25.3,42.9,39.5,59.4
501-600,Lappeenranta-Lahti University of Technology LUT,Finland,"3,576",23,20%,31 : 69,27.6—32.5,28.4,26.3,28.7,61.5,55.9
501-600,University of Limerick,Ireland,"13,250",20.8,17%,47:53:00,27.6—32.5,18.5,19,44.3,36,82.6
501-600,Liverpool John Moores University,United Kingdom,"18,200",18.4,14%,53:47:00,27.6—32.5,16.1,13.3,56.7,32.7,65
501-600,Louisiana State University,United States,"28,541",19.9,5%,52:48:00,27.6—32.5,31.1,20.2,42.1,32.1,29.7
501-600,Mahidol University,Thailand,"28,665",7.7,3%,63:37:00,27.6—32.5,29.4,13.4,36.8,50.8,42.9
501-600,University of Maribor,Slovenia,"13,956",16.5,3%,n/a,27.6—32.5,16,13.1,51.2,39.6,35.5
501-600,Memorial University of Newfoundland,Canada,"15,403",15.7,13%,57:43:00,27.6—32.5,18.8,16.8,50.9,52.1,37.9
501-600,Middlesex University,United Kingdom,"16,035",20.4,44%,60:40:00,27.6—32.5,18.5,13.2,39.5,32.2,84.9
501-600,University of Minho,Portugal,"18,475",18.4,10%,54:46:00,27.6—32.5,22.2,22.1,39.2,50.3,46.3
501-600,Missouri University of Science and Technology,United States,"7,884",23,17%,1.011805556,27.6—32.5,20,24.7,34,45.4,65.3
501-600,Montana State University,United States,"13,360",18.6,5%,45:55:00,27.6—32.5,18.7,20.7,56.7,43.3,26.2
501-600,Monterrey Institute of Technology,Mexico,"14,168",20,15%,39 : 61,27.6—32.5,25,16.6,36.5,93.5,67.6
501-600,National Autonomous University of Mexico,Mexico,"139,544",11.9,5%,51:49:00,27.6—32.5,36.8,33,17.8,60.2,37.2
501-600,National Institute of Applied Sciences of Lyon (INSA Lyon),France,"6,215",8.6,30%,32 : 68,27.6—32.5,27.3,11.9,43,66.7,76.4
501-600,National Taiwan Normal University,Taiwan,"10,752",12.9,23%,56:44:00,27.6—32.5,28.2,31.1,17.6,78.3,44.4
501-600,National Yang-Ming University,Taiwan,"4,363",5.2,2%,48:52:00,27.6—32.5,31.5,15.8,37.7,35.5,17.1
501-600,National and Kapodistrian University of Athens,Greece,"61,985",32.2,9%,61:39:00,27.6—32.5,27,16.4,46.8,38,43
501-600,University of Nebraska Medical Center,United States,"2,847",2.5,8%,66:34:00,27.6—32.5,36.4,12.9,35.8,37.1,36.8
501-600,New Jersey Institute of Technology,United States,"9,743",18,21%,24 : 76,27.6—32.5,21.3,17.8,47.9,47.6,55.1
501-600,NOVA University of Lisbon,Portugal,"19,425",18.5,12%,49:51:00,27.6—32.5,23.7,21.7,45.2,42.3,52
501-600,Oklahoma State University,United States,"21,252",21.4,7%,49:51:00,27.6—32.5,26.4,24.7,41.7,36.3,27.2
501-600,Old Dominion University,United States,"20,131",20.2,3%,54:46:00,27.6—32.5,23.1,17.7,53.2,1.7,27.5
501-600,Otto von Guericke University of Magdeburg,Germany,"14,104",11.7,13%,42:58:00,27.6—32.5,23,14.2,40.3,41.1,49.2
501-600,Paderborn University,Germany,"19,621",48.1,9%,n/a,27.6—32.5,23.6,22.3,35.9,41.4,40.6
501-600,University of Palermo,Italy,"46,200",24.7,1%,59:41:00,27.6—32.5,17.8,11.1,70.5,34.2,24.1
501-600,University of Parma,Italy,"26,159",30.1,6%,56:44:00,27.6—32.5,15.1,19.8,58.2,37.2,36.4
501-600,Pontifical Javeriana University,Colombia,"22,794",17.3,1%,52:48:00,27.6—32.5,15.8,8,63.7,32.8,44
501-600,Pusan National University,South Korea,"24,882",19.8,12%,51:49:00,27.6—32.5,27.8,27.1,25.6,63.8,33.9
501-600,Qatar University,Qatar,"11,844",18.7,43%,72:28:00,27.6—32.5,16.2,16.3,45.2,41.8,99.9
501-600,University of Regina,Canada,"11,821",23.4,14%,61:39:00,27.6—32.5,16.5,11.9,48.8,34.8,50.9
501-600,University of Rennes 1,France,"26,171",29.8,14%,51:49:00,27.6—32.5,22.3,17,50.7,41.6,54.9
501-600,Roskilde University,Denmark,"6,023",14.6,8%,62:38:00,27.6—32.5,17.9,28.3,39.9,35.6,47.1
501-600,Sejong University,South Korea,"11,622",16.4,4%,45:55:00,27.6—32.5,21.5,15.7,47.4,35.6,29.8
501-600,Semmelweis University,Hungary,"12,592",10.7,25%,64:36:00,27.6—32.5,24,12.8,50.2,34.5,71.3
501-600,Sharif University of Technology,Iran,"11,177",18.4,0%,26 : 74,27.6—32.5,25.1,27.4,37.6,85.3,17.9
501-600,Université de Sherbrooke,Canada,"14,367",12.3,8%,55:45:00,27.6—32.5,22.2,13.3,45.8,34.7,56.2
501-600,University of Siena,Italy,"18,244",14.4,8%,59:41:00,27.6—32.5,20.7,13.8,52.2,34.7,42.4
501-600,Sogang University,South Korea,"10,494",23.9,5%,42:58:00,27.6—32.5,24.9,27.5,32.7,48.4,26
501-600,"Soochow University, China",China,"43,366",15.1,2%,53:47:00,27.6—32.5,19.7,15.8,58.8,68.1,18.3
501-600,Southeast University,China,"31,983",11.7,4%,n/a,27.6—32.5,27.2,30.4,28.9,92.7,22
501-600,Southern Cross University,Australia,"9,143",35.4,15%,65:35:00,27.6—32.5,16.9,23.1,47.1,38.6,52.6
501-600,SUNY University at Albany,United States,"15,363",16,8%,52:48:00,27.6—32.5,23.5,22.8,45.8,32.7,34.4
501-600,University of the Sunshine Coast,Australia,"7,512",28.5,16%,64:36:00,27.6—32.5,15.2,17.9,47.1,33.5,60
501-600,Tampere University of Technology,Finland,"5,696",15.3,13%,1.011805556,27.6—32.5,23,14.9,44.3,64.6,56.1
501-600,University of Texas at Arlington,United States,"26,833",24.1,11%,58:42:00,27.6—32.5,20,17.4,48.3,40.7,36.3
501-600,Tianjin University,China,"30,103",12.1,1%,n/a,27.6—32.5,32.6,29.2,21.9,99.3,16.5
501-600,University of Toledo,United States,"18,916",16.5,10%,50:50:00,27.6—32.5,32.8,14.1,33.6,44.3,38.8
501-600,Tomsk Polytechnic University,Russian Federation,"10,980",6.5,20%,38 : 62,27.6—32.5,31.3,16.2,43.2,59.1,40.6
501-600,Tomsk State University,Russian Federation,"8,565",8.3,18%,58:42:00,27.6—32.5,38.2,22.7,15.4,61.8,48
501-600,Tongji University,China,"36,432",13.6,12%,38 : 62,27.6—32.5,32.4,35.2,22.3,98.7,39.2
501-600,The University of Tulsa,United States,"4,682",12.4,26%,43:57:00,27.6—32.5,33.6,15.3,41.9,66.6,44.6
501-600,University of Ulsan,South Korea,"14,841",13.6,2%,45:55:00,27.6—32.5,19.4,18.8,60.8,54.7,18.7
501-600,Ulster University,United Kingdom,"17,660",14,7%,56:44:00,27.6—32.5,18.7,15.3,49.5,33.1,70.7
501-600,United Arab Emirates University,United Arab Emirates,"7,101",8.8,27%,77:23:00,27.6—32.5,24,16,38.7,33.2,95.4
501-600,University of Urbino Carlo Bo,Italy,"13,381",33.8,7%,61:39:00,27.6—32.5,14.1,7.9,59.5,35,37.7
501-600,University of Valencia,Spain,"52,339",16.4,9%,60:40:00,27.6—32.5,20.9,18.4,50.5,34.4,41.7
501-600,Polytechnic University of Valencia,Spain,"25,288",10.6,11%,38 : 62,27.6—32.5,22.1,24.8,43.9,44.3,41.9
501-600,University of Warsaw,Poland,"47,940",13.7,7%,67:33:00,27.6—32.5,25,16.5,45.2,32.7,44.2
501-600,Warsaw University of Technology,Poland,"34,708",14.6,3%,34 : 66,27.6—32.5,18.4,9.9,59,36.7,21.5
501-600,University of Wisconsin-Milwaukee,United States,"22,442",18.2,6%,52:48:00,27.6—32.5,21.1,17.8,53.6,34,28.2
501-600,Xi’an Jiaotong University,China,"31,851",11,4%,33 : 67,27.6—32.5,35.3,26.3,32.9,54.9,26.2
501-600,University of Zaragoza,Spain,"30,733",11.7,5%,55:45:00,27.6—32.5,20.3,12.5,49.7,38.6,35.1
601-800,University of A Coruña,Spain,"16,598",12.7,2%,51:49:00,18.6—27.5,17.6,10.9,23.7,35.5,27.3
601-800,AGH University of Krakow,Poland,"33,244",15.1,2%,36 : 64,18.6—27.5,16.1,11,40.3,36.6,19.4
601-800,Ajou University,South Korea,"11,724",9.7,4%,35 : 65,18.6—27.5,20.8,12.4,28.1,48.4,22.2
601-800,University of Alcalá,Spain,"16,820",12.5,20%,58:42:00,18.6—27.5,19.6,11.5,31.8,42.2,55.8
601-800,Alfaisal University,Saudi Arabia,"1,473",12.3,33%,36 : 64,18.6—27.5,16.9,7.3,32.2,37.4,96
601-800,Aligarh Muslim University,India,"15,627",12.3,2%,29 : 71,18.6—27.5,25.7,9.5,30.5,36.2,21.9
601-800,American University of Sharjah,United Arab Emirates,"5,545",15,84%,48:52:00,18.6—27.5,16.3,12.3,13.6,33.2,95.3
601-800,American University in Cairo,Egypt,"5,875",13.9,6%,53:47:00,18.6—27.5,24.8,8.7,16.4,33.2,69.4
601-800,Amirkabir University of Technology,Iran,"12,468",22.8,1%,35 : 65,18.6—27.5,22.7,18.9,35.5,59.9,15.4
601-800,University of Antioquia,Colombia,"39,516",24.4,0%,50:50:00,18.6—27.5,16.5,18.5,13.9,43.3,38.8
601-800,"Asia University, Taiwan",Taiwan,"12,330",26.5,2%,54:46:00,18.6—27.5,13.5,18.4,24.1,45.1,19.6
601-800,Auburn University,United States,"22,282",17.6,5%,50:50:00,18.6—27.5,31.7,18.3,24.2,40,30.9
601-800,Austral University of Chile,Chile,"14,061",17.1,2%,49:51:00,18.6—27.5,16.6,9.8,20,43.8,47.4
601-800,Australian Catholic University,Australia,"21,123",31.1,10%,72:28:00,18.6—27.5,14.9,17.7,44.2,35.4,40.3
601-800,Babeş-Bolyai University,Romania,"37,128",23,2%,62:38:00,18.6—27.5,25.2,11.5,29.9,32.7,38.1
601-800,Bauman Moscow State Technical University,Russian Federation,"18,357",3.7,5%,1.011805556,18.6—27.5,35.9,18.3,3.1,44,17.4
601-800,University of Bedfordshire,United Kingdom,"12,960",19.1,33%,58:42:00,18.6—27.5,14.9,10,22.6,32.8,73.1
601-800,Beijing Institute of Technology,China,"27,603",12.7,6%,34 : 66,18.6—27.5,30,24.7,13,78.4,19.2
601-800,University of Beira Interior,Portugal,"6,930",15.4,7%,52:48:00,18.6—27.5,18.5,12.7,42.4,32.6,37.7
601-800,"Birla Institute of Technology and Science, Pilani",India,"12,292",17.5,0%,0.847916667,18.6—27.5,16.9,7.5,38.9,33.1,15.5
601-800,Bournemouth University,United Kingdom,"11,690",17.4,18%,57:43:00,18.6—27.5,17,14.9,32.4,32.4,72.7
601-800,University of Bradford,United Kingdom,"10,295",18.9,29%,54:46:00,18.6—27.5,17.9,14.4,25.9,36,78.2
601-800,University of Brighton,United Kingdom,"15,575",17.1,21%,58:42:00,18.6—27.5,15.8,12.3,37.4,33.5,64.7
601-800,Brno University of Technology,Czech Republic,"22,985",20.5,17%,28 : 72,18.6—27.5,17.6,12,30.1,38.8,40.4
601-800,Budapest University of Technology and Economics,Hungary,"20,584",21.6,3%,31 : 69,18.6—27.5,15.8,13.6,32.2,45.8,28.5
601-800,COMSATS University Islamabad,Pakistan,"28,626",10.6,0%,1.011805556,18.6—27.5,16.7,7.1,45.2,32.1,43.5
601-800,University of Calcutta,India,"18,883",34.1,0%,50:50:00,18.6—27.5,32.6,11.1,16.6,33.5,14
601-800,Capital Medical University,China,"12,080",7.3,3%,70:30:00,18.6—27.5,27.1,18.2,17.1,34.2,19.1
601-800,University of Castilla-La Mancha,Spain,"25,646",15.5,4%,56:44:00,18.6—27.5,16.8,10.8,35.3,34.3,30.5
601-800,University of Central Lancashire,United Kingdom,"17,705",16.8,16%,57:43:00,18.6—27.5,15.4,11.1,33,32.7,55.7
601-800,Chang Gung University,Taiwan,"7,504",12.6,1%,43:57:00,18.6—27.5,21.3,25.1,30.3,36.4,17.1
601-800,Carlos III University of Madrid,Spain,"15,787",10.9,14%,43:57:00,18.6—27.5,24.7,15.9,29.6,37.2,53.1
601-800,"University of Chemistry and Technology, Prague",Czech Republic,"4,525",10.6,19%,63:37:00,18.6—27.5,24.1,7.2,23.4,39,48.6
601-800,Chiang Mai University,Thailand,"37,084",16.8,1%,45:55:00,18.6—27.5,18.6,11.5,29.7,35.9,33.7
601-800,Chiba University,Japan,"14,085",10.2,5%,37 : 63,18.6—27.5,27.6,16.3,32.7,51.7,23.1
601-800,"China University of Geosciences, Wuhan",China,"29,098",20.1,3%,n/a,18.6—27.5,20,20.3,35.3,50.2,18.3
601-800,"China University of Petroleum, Beijing",China,"14,997",20.2,6%,n/a,18.6—27.5,24.3,25.5,8.8,100,18.3
601-800,Jeonbuk National University,South Korea,"23,596",15.1,3%,44:56:00,18.6—27.5,19.2,14.9,25.6,36.1,27.7
601-800,Chonnam National University,South Korea,"35,577",19.3,3%,33 : 67,18.6—27.5,17.5,13.4,31.1,35.6,22.5
601-800,Chulalongkorn University,Thailand,"38,368",14.7,3%,59:41:00,18.6—27.5,26.6,16.8,19,50.2,33
601-800,Chung Yuan Christian University,Taiwan,"15,187",30.3,5%,41:59:00,18.6—27.5,14.9,23.2,17.7,43.2,21.5
601-800,Clemson University,United States,"19,743",17,7%,46:54:00,18.6—27.5,23.5,22,33,38.8,35.6
601-800,Comenius University in Bratislava,Slovakia,"22,683",11.4,10%,64:36:00,18.6—27.5,21.9,11.7,24,32.4,47.9
601-800,University of Concepción,Chile,"26,253",17.6,1%,50:50:00,18.6—27.5,15.5,13,20.8,56.4,46.2
601-800,Coventry University,United Kingdom,"21,285",13.9,41%,48:52:00,18.6—27.5,17,9.2,27.7,32.6,76.1
601-800,Czech Technical University in Prague,Czech Republic,"22,015",13.6,15%,30 : 70,18.6—27.5,18.9,20.8,36.4,38.5,42.4
601-800,Dalian University of Technology,China,"36,595",15.5,2%,34 : 66,18.6—27.5,21.8,20.1,29.3,81.5,21
601-800,De Montfort University,United Kingdom,"16,080",18.8,23%,58:42:00,18.6—27.5,16.3,12.4,37.7,32.8,62.1
601-800,University of Delhi,India,"22,494",20.4,1%,49:51:00,18.6—27.5,39,17.3,21.9,32.1,15.9
601-800,Diego Portales University,Chile,"15,868",14.2,2%,48:52:00,18.6—27.5,11.8,8.5,52.2,32.8,48.6
601-800,Dublin Institute of Technology,Ireland,"14,215",19.6,24%,40 : 60,18.6—27.5,15,10.4,27.7,32.1,72.6
601-800,University of East London,United Kingdom,"13,185",23.3,33%,60:40:00,18.6—27.5,18.8,12.8,11.7,32.2,76.7
601-800,Eastern Mediterranean University,Northern Cyprus,"16,053",31.5,34%,37 : 63,18.6—27.5,13.3,7.7,24.1,32.8,71.5
601-800,Edinburgh Napier University,United Kingdom,"10,645",20.5,31%,56:44:00,18.6—27.5,14.2,10.6,23.6,35.1,73.6
601-800,Ehime University,Japan,"9,597",11.3,3%,37 : 63,18.6—27.5,24.3,29.5,18.2,37.5,24.5
601-800,Eötvös Loránd University,Hungary,"24,868",15.7,7%,63:37:00,18.6—27.5,20.7,11.8,34.8,32.9,46.5
601-800,Universidade Federal do ABC (UFABC),Brazil,"11,423",20.8,1%,n/a,18.6—27.5,14.9,12.8,33.4,36.4,31.9
601-800,Federal University of Minas Gerais,Brazil,"42,240",14.1,1%,55:45:00,18.6—27.5,30.6,14.3,25.5,33.6,22.7
601-800,Universidade Federal do Paraná (UFPR),Brazil,"23,673",11.3,1%,54:46:00,18.6—27.5,24.3,23.9,8,32.1,17.2
601-800,Universidade Federal do Rio Grande do Sul,Brazil,"38,897",14.1,1%,51:49:00,18.6—27.5,31,10.8,23.9,32.1,21.5
601-800,Federal University of Rio de Janeiro,Brazil,"53,377",12.9,2%,54:46:00,18.6—27.5,31.1,15.7,20.1,41.7,27.9
601-800,Universidade Federal de Santa Catarina,Brazil,"33,360",14.3,3%,44:56:00,18.6—27.5,25.3,12.4,20.1,54,24.4
601-800,Universidade Federal de São Paulo (UNIFESP),Brazil,"12,525",8.4,1%,62:38:00,18.6—27.5,37.5,19.1,26.8,32.1,22.3
601-800,Feng Chia University,Taiwan,"20,848",24.6,9%,37 : 63,18.6—27.5,14.8,15.6,36,38,26
601-800,Florida Institute of Technology,United States,"4,715",14,30%,33 : 67,18.6—27.5,25.5,13.4,28.8,36.6,60.6
601-800,University of La Frontera,Chile,"9,731",24.9,1%,44:56:00,18.6—27.5,14.3,10.2,22.8,53,40.9
601-800,University of Ghana,Ghana,"37,804",31.7,2%,44:56:00,18.6—27.5,16.1,24.7,19.5,34.8,49.5
601-800,Glasgow Caledonian University,United Kingdom,"13,730",21.8,18%,59:41:00,18.6—27.5,18,10.7,38.8,33.2,59.3
601-800,University of Greenwich,United Kingdom,"15,210",19.6,34%,54:46:00,18.6—27.5,15.4,11.2,35.9,33.4,82.9
601-800,Hacettepe University,Turkey,"38,109",18.2,5%,57:43:00,18.6—27.5,20.3,10.5,36.5,32.6,21.9
601-800,University of Haifa,Israel,"17,871",30.1,1%,65:35:00,18.6—27.5,22.2,24.7,27.7,33.7,35.3
601-800,Hofstra University,United States,"9,920",14.2,10%,55:45:00,18.6—27.5,35.8,4.8,18.9,32.1,26.6
601-800,University of Huddersfield,United Kingdom,"15,035",18.1,26%,55:45:00,18.6—27.5,18.3,12.6,24.5,32.9,63.6
601-800,Hunan University,China,"43,684",24.5,2%,45:55:00,18.6—27.5,17,17,34.8,45.2,16.2
601-800,ISCTE-University Institute of Lisbon,Portugal,"8,926",26.7,11%,50:50:00,18.6—27.5,24.8,23.2,15.2,36.9,45.2
601-800,Indian Institute of Technology Guwahati,India,"4,959",13.3,1%,0.684027778,18.6—27.5,26.6,16.6,42.1,35.4,14.6
601-800,Inha University,South Korea,"20,190",24,3%,37 : 63,18.6—27.5,21.3,19.8,23.3,59.9,25.2
601-800,Isfahan University of Technology,Iran,"9,182",19.5,1%,40 : 60,18.6—27.5,19.5,20,38.4,89.8,18.9
601-800,Istanbul University,Turkey,"90,614",43.8,6%,49:51:00,18.6—27.5,22.5,23.6,11.8,52.4,22.2
601-800,Jagiellonian University,Poland,"41,788",11.8,6%,68:32:00,18.6—27.5,23.8,14.7,38.1,33.6,34.6
601-800,University of Jaén,Spain,"16,665",20.1,3%,54:46:00,18.6—27.5,13.7,10.9,50.1,34.2,25.9
601-800,The Jikei University School of Medicine,Japan,"1,053",2.4,0%,44:56:00,18.6—27.5,32.4,10.9,15.2,35.3,13.9
601-800,Jilin University,China,"66,668",13.8,3%,46:54:00,18.6—27.5,28.1,15.9,20.5,42.2,25.2
601-800,University of Johannesburg,South Africa,"38,156",31.5,4%,55:45:00,18.6—27.5,16.7,18.4,23.5,37.4,43.2
601-800,Jordan University of Science and Technology,Jordan,"24,889",21.5,20%,56:44:00,18.6—27.5,10.4,7.6,50.2,33.2,62.4
601-800,Juntendo University,Japan,"4,054",3.7,1%,51:49:00,18.6—27.5,34.5,11.3,23.5,49.1,18.3
601-800,K.N. Toosi University of Technology,Iran,"7,050",17.4,0%,32 : 68,18.6—27.5,18.9,13.2,28,43,14.3
601-800,Kanazawa University,Japan,"10,500",10.3,5%,36 : 64,18.6—27.5,27.5,16,36.6,34.2,20.3
601-800,Kaohsiung Medical University,Taiwan,"6,981",12,5%,56:44:00,18.6—27.5,20.5,18.5,25.4,35.2,22.1
601-800,Universiti Kebangsaan Malaysia,Malaysia,"20,427",11.8,10%,66:34:00,18.6—27.5,30.6,18.6,11.1,34,33.8
601-800,Keio University,Japan,"34,594",11,6%,34 : 66,18.6—27.5,30.3,20.7,30.5,40.9,25.9
601-800,University Rey Juan Carlos,Spain,"33,335",26.6,10%,57:43:00,18.6—27.5,14.8,9.5,35.3,35,39.2
601-800,King Mongkut’s University of Technology Thonburi,Thailand,"16,801",22.8,1%,57:43:00,18.6—27.5,16.6,11.4,42.1,80.3,28.8
601-800,Kingston University,United Kingdom,"18,255",21.7,35%,55:45:00,18.6—27.5,16.6,14.2,27.5,32.7,79.7
601-800,Kindai University,Japan,"32,010",12.4,2%,29 : 71,18.6—27.5,18.8,8.3,33,35.6,17.9
601-800,Kobe University,Japan,"15,779",8.1,6%,34 : 66,18.6—27.5,29.3,19.2,25.3,41.5,22.7
601-800,Kochi University,Japan,"5,608",9.1,1%,46:54:00,18.6—27.5,20,9.4,42.7,39.6,25.9
601-800,Konkuk University,South Korea,"26,890",31.5,6%,48:52:00,18.6—27.5,23.8,24.5,20.2,36.7,24
601-800,Kumamoto University,Japan,"10,221",7.5,5%,37 : 63,18.6—27.5,25.8,12.3,31.3,43.4,24.3
601-800,Kuwait University,Kuwait,"37,365",23.7,13%,70:30:00,18.6—27.5,18.1,8.9,28.3,37.1,69.4
601-800,Kyungpook National University,South Korea,"27,191",18.2,4%,42:58:00,18.6—27.5,19.2,17.9,21.4,39.6,23.4
601-800,University of La Laguna,Spain,"21,497",14.6,6%,58:42:00,18.6—27.5,16.9,9.6,48.5,32.7,47.1
601-800,Leeds Beckett University,United Kingdom,"19,910",20.8,12%,50:50:00,18.6—27.5,15.7,10.8,28.4,32.6,41.5
601-800,University of Lincoln,United Kingdom,"11,000",18.3,15%,56:44:00,18.6—27.5,15.8,12.1,22.6,33.3,61.2
601-800,University of Ljubljana,Slovenia,"45,607",16.8,4%,60:40:00,18.6—27.5,24,14.7,27.3,35.4,35.8
601-800,London Metropolitan University,United Kingdom,"12,475",22.5,36%,61:39:00,18.6—27.5,16.1,11.5,19.4,32.6,82
601-800,Manchester Metropolitan University,United Kingdom,"27,325",17.5,14%,57:43:00,18.6—27.5,18.2,11.4,32.8,32.3,57.2
601-800,Masaryk University,Czech Republic,"38,249",24.6,19%,62:38:00,18.6—27.5,20.8,18.1,34.3,33.5,54.3
601-800,Miami University,United States,"16,659",22.3,8%,53:47:00,18.6—27.5,21.3,18.5,40.1,34.2,28
601-800,Middle East Technical University,Turkey,"26,355",23.3,7%,44:56:00,18.6—27.5,27.3,19.5,31.4,58.8,27.8
601-800,University of Murcia,Spain,"30,192",15.4,5%,61:39:00,18.6—27.5,18.4,12.7,31,33.5,32
601-800,Nagasaki University,Japan,"9,172",7.1,4%,37 : 63,18.6—27.5,25.1,10.8,17.9,35,23.7
601-800,Nagoya City University,Japan,"4,313",8,2%,52:48:00,18.6—27.5,26.1,12.2,31.2,41.5,18.4
601-800,Nagoya Institute of Technology,Japan,"5,763",16.8,4%,0.602083333,18.6—27.5,19.1,18.7,18.5,48,19.7
601-800,Nanjing Agricultural University,China,"25,828",16.3,1%,n/a,18.6—27.5,22.8,15.2,38.6,42.9,16.4
601-800,Nanjing Medical University,China,"12,013",9,4%,n/a,18.6—27.5,27.2,22.9,33,33.2,18.2
601-800,Nanjing Normal University,China,"26,588",14.7,3%,68:32:00,18.6—27.5,17.9,9,33.8,46.9,15.7
601-800,National Central University,Taiwan,"10,826",9.6,7%,34 : 66,18.6—27.5,26.6,23.6,21.3,65.8,28.4
601-800,National Chung Cheng University,Taiwan,"10,129",19.4,4%,44:56:00,18.6—27.5,19.6,21.6,17.5,39.7,18.5
601-800,National Chung Hsing University,Taiwan,"15,729",19.2,4%,39 : 61,18.6—27.5,18.8,15.4,25.5,42.1,18.5
601-800,National University of Sciences and Technology,Pakistan,"10,227",8,3%,33 : 67,18.6—27.5,19.9,8.1,36.2,32.6,35.2
601-800,National Sun Yat-Sen University,Taiwan,"9,344",17.2,5%,37 : 63,18.6—27.5,23.8,27.2,28.9,44.5,26.4
601-800,National Taiwan Ocean University,Taiwan,"8,371",21,5%,30 : 70,18.6—27.5,16.3,18.7,23,51.3,21.1
601-800,National Institute of Technology Rourkela,India,"5,675",19.2,3%,0.970833333,18.6—27.5,21.5,8.6,31.7,32.7,14
601-800,Niigata University,Japan,"12,479",8.5,4%,38 : 62,18.6—27.5,23.7,10.6,19.1,36.1,22.2
601-800,University of North Carolina at Greensboro,United States,"18,497",22.1,3%,66:34:00,18.6—27.5,19.3,15.5,41.6,33.2,19.4
601-800,Northeast Normal University,China,"23,287",15,2%,n/a,18.6—27.5,19,5.1,54.2,34,15
601-800,"Northeastern University, China",China,"31,278",15.4,4%,n/a,18.6—27.5,21,22,7.8,98.6,24.8
601-800,Northumbria University,United Kingdom,"22,445",18.3,16%,55:45:00,18.6—27.5,17.6,13.2,38.4,33,61.2
601-800,Northwestern Polytechnical University,China,"26,345",15.5,3%,25 : 75,18.6—27.5,26.3,27.2,8.4,78.3,16.4
601-800,Nottingham Trent University,United Kingdom,"21,930",17,18%,55:45:00,18.6—27.5,16.1,10.6,32.2,32.3,55.3
601-800,Oakland University,United States,"15,083",20.4,2%,59:41:00,18.6—27.5,17.4,11.8,24.5,33.5,24.5
601-800,Ohio University (Main campus),United States,"30,341",20.9,6%,57:43:00,18.6—27.5,24.9,14.2,28.5,34.2,29.5
601-800,Okayama University,Japan,"13,186",8.2,4%,38 : 62,18.6—27.5,26.1,14.6,26.4,44,21.9
601-800,Osaka City University,Japan,"8,493",9.8,4%,36 : 64,18.6—27.5,28.5,13.4,33.6,40.2,21.8
601-800,University of Oviedo,Spain,"24,845",14.5,2%,54:46:00,18.6—27.5,18.3,12.4,44.2,33.4,30.5
601-800,Palacký University Olomouc,Czech Republic,"18,482",11.1,9%,69:31:00,18.6—27.5,19,12.6,40.8,32.9,52.2
601-800,Panjab University,India,"15,778",22.3,1%,48:52:00,18.6—27.5,23.8,9.2,46.2,32.3,15.2
601-800,University of Patras,Greece,"24,477",32.9,6%,51:49:00,18.6—27.5,15.3,11.4,35.9,43.6,34.6
601-800,Peter the Great St Petersburg Polytechnic University,Russian Federation,"15,759",6,15%,43:57:00,18.6—27.5,30.9,15.9,17.1,48.8,40.1
601-800,Pontifical Catholic University of Rio Grande do Sul (PUCRS),Brazil,"21,471",21.1,1%,47:53:00,18.6—27.5,20.3,11.8,28.7,46.2,23.1
601-800,Pontifical Catholic University of Rio de Janeiro (PUC-Rio),Brazil,"15,047",21.9,3%,51:49:00,18.6—27.5,27.3,23.9,20.6,100,35.2
601-800,University of Pretoria,South Africa,"34,447",23.3,8%,57:43:00,18.6—27.5,22.7,24.1,25.6,63.2,47.1
601-800,Universiti Putra Malaysia,Malaysia,"24,161",12,17%,73:27:00,18.6—27.5,26.9,24.3,14.4,36.3,59.6
601-800,University of Pécs,Hungary,"18,109",14.6,13%,54:46:00,18.6—27.5,20,9.1,33.1,38.2,55.9
601-800,Quaid-i-Azam University,Pakistan,"13,126",26,0%,52:48:00,18.6—27.5,18.2,0.8,56.9,32.1,39.9
601-800,Rochester Institute of Technology,United States,"13,518",14.1,16%,34 : 66,18.6—27.5,19.8,16.2,30.9,33.7,33.8
601-800,University of Roehampton,United Kingdom,"7,455",18.4,23%,73:27:00,18.6—27.5,16.6,17.4,18.3,32.2,66.5
601-800,Universiti Sains Malaysia,Malaysia,"28,592",14.7,8%,62:38:00,18.6—27.5,33.1,16,13.1,37.9,44.2
601-800,University of Salamanca,Spain,"32,517",19.1,12%,60:40:00,18.6—27.5,23.3,14.4,32.2,35.2,44.5
601-800,University of Salford,United Kingdom,"15,610",16.9,22%,51:49:00,18.6—27.5,19.6,14.4,23.7,32.7,64.9
601-800,University of Santiago de Compostela,Spain,"28,259",15.9,9%,63:37:00,18.6—27.5,19.8,14.9,40.9,35.7,42.4
601-800,Savitribai Phule Pune University,India,"5,493",14.7,4%,33 : 67,18.6—27.5,38.7,11.4,14.8,33,18.6
601-800,University of Science and Technology Beijing,China,"24,136",15.8,4%,35 : 65,18.6—27.5,26.8,22.4,10.8,63.3,16.3
601-800,University of Seville,Spain,"62,090",17,6%,54:46:00,18.6—27.5,19.5,13.9,33.1,37.9,34.4
601-800,Shantou University,China,"9,805",13.8,0%,49:51:00,18.6—27.5,17.5,10.2,33.3,35.1,32.4
601-800,Shinshu University,Japan,"11,026",10.4,2%,32 : 68,18.6—27.5,22.3,11.4,26.2,37.3,21.1
601-800,Shiraz University,Iran,"13,686",21.5,1%,52:48:00,18.6—27.5,19.1,19.4,17.7,54.7,15.2
601-800,Sichuan University,China,"61,533",14.1,4%,49:51:00,18.6—27.5,26.1,21.2,20.1,76.3,18.3
601-800,Sohag University,Egypt,"36,460",24.4,0%,76:24:00,18.6—27.5,21.6,1.8,30.9,32.1,43.4
601-800,South China University of Technology,China,"41,868",17,3%,34 : 66,18.6—27.5,20.3,19.4,39.5,67.9,18.6
601-800,University of Southern Queensland,Australia,"14,388",27.9,20%,55:45:00,18.6—27.5,21.8,14.6,20.7,32.7,67.7
601-800,Sri Venkateswara University,India,"6,880",15.5,0%,25 : 75,18.6—27.5,34.3,11.5,11.2,32.8,15.5
601-800,Suez Canal University,Egypt,"34,490",12.3,2%,61:39:00,18.6—27.5,16.6,22.5,18.7,32.1,44.9
601-800,Sultan Qaboos University,Oman,"7,634",8.5,3%,50:50:00,18.6—27.5,23.2,9.6,17,40.9,70.3
601-800,Suranaree University of Technology,Thailand,"10,548",26.8,1%,53:47:00,18.6—27.5,20.6,10.9,22.4,33.6,31.5
601-800,University of Szeged,Hungary,"21,420",13.1,11%,58:42:00,18.6—27.5,20.6,11,30,36.1,50.8
601-800,Universidade Estadual Paulista (Unesp),Brazil,"53,884",14.1,2%,51:49:00,18.6—27.5,29.5,18.8,9.2,34.5,18.8
601-800,TOBB University of Economics and Technology,Turkey,"4,506",17.6,1%,42:58:00,18.6—27.5,13.6,10.6,28.3,32.4,30.1
601-800,Taipei Medical University,Taiwan,"6,102",10.4,6%,57:43:00,18.6—27.5,26.4,21.1,27.3,97.9,28.4
601-800,Tallinn University of Technology,Estonia,"13,050",24.5,6%,45:55:00,18.6—27.5,14.7,11.4,44.7,44.7,42.5
601-800,Tata Institute of Fundamental Research,India,579,2.2,1%,33 : 67,18.6—27.5,24.4,10,45.1,32.1,37.2
601-800,Technical University of Madrid,Spain,"40,523",13.3,12%,32 : 68,18.6—27.5,21.9,13.7,30.8,39.1,41.9
601-800,Teesside University,United Kingdom,"11,375",18.5,11%,57:43:00,18.6—27.5,15.8,8.8,34.4,32.4,44.4
601-800,University of Tehran,Iran,"54,000",27,1%,45:55:00,18.6—27.5,27.8,12.6,22.1,32.1,19.1
601-800,Tehran University of Medical Sciences,Iran,"13,388",8.1,2%,60:40:00,18.6—27.5,50.2,14.2,14.1,33.6,15.5
601-800,Universiti Teknologi Malaysia,Malaysia,"21,992",11.9,19%,49:51:00,18.6—27.5,26.8,15.7,27.1,33.1,54.8
601-800,Texas Tech University,United States,"30,145",20.2,7%,45:55:00,18.6—27.5,27.7,16.6,25.4,33.6,41.1
601-800,University of Texas at El Paso,United States,"16,389",24.3,7%,53:47:00,18.6—27.5,20.7,20.9,20.9,32.1,33
601-800,Tezpur University,India,"3,300",13.6,0%,42:58:00,18.6—27.5,22.4,14.2,39.8,32.2,12.3
601-800,Tokushima University,Japan,"7,550",9,3%,34 : 66,18.6—27.5,27.4,17.9,14.2,54.3,18.5
601-800,Tokyo University of Agriculture and Technology,Japan,"5,802",14.8,5%,27 : 73,18.6—27.5,26.4,22.9,20.8,44.6,20.9
601-800,Tokyo University of Science,Japan,"19,911",25.2,1%,0.888888889,18.6—27.5,21.1,23.7,22.5,37.8,16.8
601-800,Toyohashi University of Technology (TUT),Japan,"2,331",9.9,8%,0.479166667,18.6—27.5,22.3,17.2,16.8,47.7,24.7
601-800,Universiti Teknologi Petronas,Malaysia,"5,466",14.1,27%,36 : 64,18.6—27.5,25.1,17,10.3,65.5,64.4
601-800,University of Vigo,Spain,"20,834",17.2,4%,50:50:00,18.6—27.5,15.5,11.7,33.2,37,36.5
601-800,Vilnius University,Lithuania,"18,442",11.9,4%,64:36:00,18.6—27.5,19.2,12.7,35,40.2,40.4
601-800,Waseda University,Japan,"51,809",16.6,8%,35 : 65,18.6—27.5,25.9,20,30.1,35.6,32.4
601-800,University of the West of England,United Kingdom,"20,755",19.3,17%,53:47:00,18.6—27.5,15.6,13.4,38.3,32.9,53.3
601-800,University of the West of Scotland,United Kingdom,"11,595",20.7,11%,60:40:00,18.6—27.5,14,10.3,40,32.3,56.7
601-800,West University of Timişoara,Romania,"13,555",18.3,4%,65:35:00,18.6—27.5,18.1,7.9,29.2,32.1,29.8
601-800,University of the Western Cape,South Africa,"20,182",33.2,8%,60:40:00,18.6—27.5,17.9,14.3,40.1,32.7,58.4
601-800,University of Westminster,United Kingdom,"16,570",20.1,45%,58:42:00,18.6—27.5,15.6,14,22.2,32.4,81
601-800,University of Windsor,Canada,"15,453",18.7,16%,52:48:00,18.6—27.5,18,13.7,24.7,35.3,48.3
601-800,Yamagata University,Japan,"8,866",8.3,2%,34 : 66,18.6—27.5,22.3,10,22.8,50.4,19.4
601-800,University of Yamanashi,Japan,"4,842",6.9,4%,30 : 70,18.6—27.5,25.3,10.2,19.5,35.9,19.8
601-800,Yeungnam University,South Korea,"22,658",16.2,3%,49:51:00,18.6—27.5,33.1,11.4,35,38.9,28
601-800,Yokohama City University,Japan,"4,851",5,2%,55:45:00,18.6—27.5,23.8,6.4,38,39.4,16.9
601-800,Yuan Ze University,Taiwan,"8,814",20.9,5%,42:58:00,18.6—27.5,17.1,14.1,25.3,45.7,20.9
601-800,École Centrale de Lyon,France,"1,872",17.7,23%,26 : 74,18.6—27.5,28.8,15,23.7,82.7,64.9
601-800,Izmir Institute of Technology,Turkey,"4,201",19,4%,45:55:00,18.6—27.5,17.7,9,25.2,42.5,29.2
801+,Acharya Nagarjuna University,India,"5,605",17.4,3%,27 : 73,8.3—18.5,36.2,7.8,1.7,39.9,17.1
801+,"Adam Mickiewicz University, Poznań",Poland,"39,291",15,2%,71:29:00,8.3—18.5,17.6,10.4,20.4,32.7,28.1
801+,"University of Agriculture, Faisalabad",Pakistan,"15,122",29,0%,36 : 64,8.3—18.5,14.8,12.2,20.6,32.2,26.2
801+,Ain Shams University,Egypt,"133,048",12.5,2%,59:41:00,8.3—18.5,19.2,7.9,9.6,33.3,31.2
801+,Alexandria University,Egypt,"154,366",26.9,3%,47:53:00,8.3—18.5,16.2,8.7,20.6,34.8,42.2
801+,Alexandru Ioan Cuza University,Romania,"23,707",29.7,3%,59:41:00,8.3—18.5,20.1,11.7,11.2,32.2,48.7
801+,Amity University,India,"25,391",15,3%,38 : 62,8.3—18.5,15,7.5,10,32.9,16.6
801+,Amrita Vishwa Vidyapeetham,India,"18,938",11.9,9%,n/a,8.3—18.5,18.7,6,10.8,44.4,37.1
801+,Anadolu University,Turkey,"1,414,640",594.4,0%,44:56:00,8.3—18.5,10.9,8.9,15.3,39.3,15.1
801+,"University of the Andes, Venezuela",Venezuela,"54,595",23.2,0%,60:40:00,8.3—18.5,13.1,6.9,13.2,32.1,41.5
801+,Andhra University,India,"10,882",21,4%,55:45:00,8.3—18.5,33,8.1,1.6,35.5,15
801+,Ankara University,Turkey,"59,554",16.4,4%,53:47:00,8.3—18.5,18,5.3,10.4,32.6,18.8
801+,Universidad Autónoma de Nuevo León (UANL),Mexico,"104,912",28.9,0%,n/a,8.3—18.5,11.6,6.7,8.1,32.1,28.2
801+,Benemérita Universidad Autónoma de Puebla,Mexico,"64,029",14.3,0%,52:48:00,8.3—18.5,14.6,8.2,9.7,32.1,22.2
801+,Universidad Autónoma del Estado de Mexico (UAEMex),Mexico,"52,482",22.8,0%,56:44:00,8.3—18.5,15.6,8.6,5.4,32.4,23.1
801+,Bahauddin Zakariya University,Pakistan,"21,433",30.2,0%,47:53:00,8.3—18.5,13.2,10.1,24,0,25.8
801+,Bandung Institute of Technology (ITB),Indonesia,"19,757",13.9,1%,41:59:00,8.3—18.5,19,11.1,1.9,84.4,28
801+,Belarusian State University,Belarus,"28,822",10,6%,69:31:00,8.3—18.5,20.1,9,11,32.1,52.3
801+,University of Belgrade,Serbia,"99,335",25.4,4%,60:40:00,8.3—18.5,17.4,12.5,20.7,36.7,32.2
801+,University of Bucharest,Romania,"31,305",23.5,2%,70:30:00,8.3—18.5,22.3,7.4,9.4,32.2,25.5
801+,Cairo University,Egypt,"256,470",46.3,2%,48:52:00,8.3—18.5,18.2,11.8,15.8,33.4,30.6
801+,Central South University,China,"55,100",17,1%,40 : 60,8.3—18.5,23.7,11.3,18.5,48.7,14.6
801+,University of Cergy-Pontoise,France,"17,165",9.3,14%,57:43:00,8.3—18.5,18.9,7.5,16.8,34.8,55.8
801+,Chiba Institute of Technology,Japan,"9,644",34,1%,0.479166667,8.3—18.5,13.5,9.6,8.9,34.5,15
801+,China University of Mining and Technology,China,"43,024",19,1%,26 : 74,8.3—18.5,19.2,14.4,11.3,65.4,13.4
801+,Chongqing University,China,"46,461",16.5,3%,n/a,8.3—18.5,18,17.5,14.4,65.4,18.4
801+,Chungnam National University,South Korea,"22,433",21.9,3%,34 : 66,8.3—18.5,23.6,9.2,13,48.5,20.5
801+,Chuo University,Japan,"26,908",38.8,3%,34 : 66,8.3—18.5,23.3,8.5,18.6,34.4,20
801+,Cochin University of Science and Technology,India,"7,615",32.1,0%,35 : 65,8.3—18.5,25.9,12.8,4.4,32.1,14.8
801+,University of Colombo,Sri Lanka,"16,296",22.4,1%,40 : 60,8.3—18.5,12.2,6.8,11,32.1,37
801+,University of Costa Rica,Costa Rica,"30,067",10.1,%,52:48:00,8.3—18.5,19.3,7.7,16.6,2.5,42.4
801+,Czech University of Life Sciences Prague (CZU),Czech Republic,"18,149",22,16%,55:45:00,8.3—18.5,15.8,11.4,9.1,48.5,65.7
801+,University of Debrecen,Hungary,"28,812",19.7,13%,57:43:00,8.3—18.5,17.5,4.3,23.4,37.1,48.7
801+,Doshisha University,Japan,"28,899",23,3%,38 : 62,8.3—18.5,14.7,6.2,7.2,33.5,22.1
801+,University of Electronic Science and Technology of China,China,"34,483",16.1,1%,1.011805556,8.3—18.5,16,6.6,15,32.1,17.2
801+,Embry-Riddle Aeronautical University,United States,"15,259",10.2,10%,0.725,8.3—18.5,18,6.6,12.2,33.2,25.6
801+,Erciyes University,Turkey,"31,185",24.2,3%,46:54:00,8.3—18.5,15.4,10.1,26.6,37.1,19.8
801+,Universidade Federal da Bahia,Brazil,"35,173",14.2,1%,47:53:00,8.3—18.5,18.5,5.2,14.4,1.1,22.2
801+,Universidade Federal do Ceará (UFC),Brazil,"34,836",17.8,1%,48:52:00,8.3—18.5,22.9,4.7,16.6,1.5,19.8
801+,Federal University of Goiás,Brazil,"29,785",5.2,0%,46:54:00,8.3—18.5,17.4,7.1,14,32.1,18.9
801+,Federal University of Pernambuco,Brazil,"31,512",12.3,1%,51:49:00,8.3—18.5,23.5,5,11.5,32.1,18.5
801+,Federal University of Rio Grande do Norte (UFRN),Brazil,"40,110",18.7,1%,48:52:00,8.3—18.5,20.9,8.2,10.6,44,18.5
801+,Federal University of Santa Maria,Brazil,"24,695",13,0%,n/a,8.3—18.5,20.3,5,7.2,32.8,14.5
801+,Federal University of São Carlos,Brazil,"16,556",14.3,2%,n/a,8.3—18.5,23,6.8,12.9,32.1,21.4
801+,Federal University of Viçosa,Brazil,"16,819",13.9,2%,51:49:00,8.3—18.5,21.8,8.8,6.4,53.1,16.2
801+,Federal University of Lavras,Brazil,"11,894",20.8,1%,52:48:00,8.3—18.5,31.9,14.2,5.1,43.7,14.9
801+,Ferdowsi University of Mashhad,Iran,"23,187",29.4,4%,57:43:00,8.3—18.5,21.6,8.6,16.1,0.6,19.3
801+,Fluminense Federal University,Brazil,"43,821",13,0%,55:45:00,8.3—18.5,18.4,7.9,8.5,32.3,22.7
801+,Fu Jen Catholic University,Taiwan,"27,427",25.2,5%,58:42:00,8.3—18.5,13.8,9.9,19.3,45.9,20.9
801+,Gazi University,Turkey,"76,768",25,3%,49:51:00,8.3—18.5,17.5,9.1,9.6,36.8,14.5
801+,Gdańsk University of Technology,Poland,"25,491",20.9,1%,39 : 61,8.3—18.5,14.8,9.2,28.3,37.6,17.6
801+,Gifu University,Japan,"7,280",10,4%,34 : 66,8.3—18.5,21.8,12,16.2,36,19.7
801+,University of Guadalajara,Mexico,"109,375",51,1%,51:49:00,8.3—18.5,14.9,3.1,6.1,32.1,27.7
801+,Gunma University,Japan,"6,393",9.6,3%,36 : 64,8.3—18.5,22.3,11.5,13.1,44.1,17.1
801+,Hallym University,South Korea,"9,497",11.1,2%,n/a,8.3—18.5,18.6,7.2,11.3,33.3,17.7
801+,The Hashemite University,Jordan,"29,803",32.8,1%,61:39:00,8.3—18.5,8.2,7.6,20.3,32.1,40.8
801+,Hosei University,Japan,"29,171",38.7,1%,34 : 66,8.3—18.5,14.1,4.9,14,33.1,20.8
801+,I-Shou University,Taiwan,"16,583",30.5,11%,45:55:00,8.3—18.5,12.7,14.8,15.7,47.9,27
801+,University of Ibadan,Nigeria,"26,753",17.3,1%,45:55:00,8.3—18.5,27.5,11.3,5.7,40.4,28.8
801+,University of Indonesia,Indonesia,"46,775",21.3,0%,57:43:00,8.3—18.5,17.5,9.7,12.6,44,33
801+,Islamic Azad University Karaj,Iran,"30,000",52.4,1%,53:47:00,8.3—18.5,14,7.8,15.2,32.1,15.8
801+,Ivane Javakhishvili Tbilisi State University,Georgia,"21,675",28.6,2%,62:38:00,8.3—18.5,12.1,9,2.1,32.9,37.8
801+,Iwate University,Japan,"5,719",14.4,3%,37 : 63,8.3—18.5,19.8,6.6,12.8,42,20.2
801+,Jiangsu University,China,"32,664",7.2,3%,41:59:00,8.3—18.5,20.5,8.5,11.6,52.8,25.2
801+,Jinan University,China,"45,094",19.7,26%,58:42:00,8.3—18.5,19.1,13.2,14.8,36.7,41.9
801+,The University of Jordan,Jordan,"26,532",12.5,17%,65:35:00,8.3—18.5,19.2,6,9.6,33.8,66.4
801+,Kansai University,Japan,"30,178",10.9,3%,39 : 61,8.3—18.5,24.3,6.7,9.9,32.7,21.4
801+,University of Karachi,Pakistan,"22,990",19.6,0%,57:43:00,8.3—18.5,17.1,8.3,4.3,32.1,29.4
801+,Kasetsart University,Thailand,"67,148",23,1%,60:40:00,8.3—18.5,14.5,9.7,8.7,40.2,34.7
801+,Kaunas University of Technology,Lithuania,"9,873",12.7,4%,40 : 60,8.3—18.5,17.5,10.9,4.2,36.1,21.5
801+,Khon Kaen University,Thailand,"37,320",15.6,1%,63:37:00,8.3—18.5,18.5,8.5,21.3,45.6,29.9
801+,King Mongkut’s Institute of Technology Ladkrabang,Thailand,"24,642",25.3,0%,51:49:00,8.3—18.5,14,21.8,11.3,83.1,17.9
801+,Kwansei Gakuin University,Japan,"24,107",15.6,4%,47:53:00,8.3—18.5,15.1,7.1,5.7,32.8,25.6
801+,Kyushu Institute of Technology (Kyutech),Japan,"5,872",16.1,4%,0.561111111,8.3—18.5,18,10.5,14.3,50.5,22.6
801+,University of Lahore,Pakistan,"23,831",19,2%,32 : 68,8.3—18.5,12.2,7.5,10.9,32.1,32.1
801+,University of Latvia,Latvia,"12,480",31,6%,n/a,8.3—18.5,21.7,12,14.9,32.9,31.8
801+,Lobachevsky State University of Nizhni Novgorod,Russian Federation,"18,662",8.8,5%,53:47:00,8.3—18.5,25.8,10.9,7.3,41.2,23.8
801+,London South Bank University,United Kingdom,"12,480",17.1,34%,54:46:00,8.3—18.5,14.4,8.3,15.2,32.5,68.5
801+,Londrina State University,Brazil,"20,546",12.1,1%,57:43:00,8.3—18.5,19.9,6.7,7.9,32.1,15.5
801+,Lviv Polytechnic National University,Ukraine,"28,037",13.5,1%,n/a,8.3—18.5,16.6,7.6,1,32.4,25
801+,Maharaja Sayajirao University of Baroda,India,"37,783",54.8,0%,52:48:00,8.3—18.5,15.9,8.5,16.4,32.3,12.3
801+,Manipal Academy of Higher Education,India,"24,022",9.8,10%,45:55:00,8.3—18.5,20.7,9.2,2.3,32.2,25
801+,Mansoura University,Egypt,"113,021",18,3%,54:46:00,8.3—18.5,15.7,2.6,19,32.1,37.1
801+,Marmara University,Turkey,"66,212",32.6,4%,50:50:00,8.3—18.5,14.8,3.2,10.4,32.1,19.8
801+,University of Marrakech Cadi Ayyad,Morocco,"64,260",44.1,1%,44:56:00,8.3—18.5,14.1,6.8,23.4,34.2,41.9
801+,Meiji University,Japan,"32,433",29.6,4%,31 : 69,8.3—18.5,14.7,10.5,16.9,43.2,20.9
801+,Ming Chuan University,Taiwan,"18,809",24.5,10%,60:40:00,8.3—18.5,12.2,8,8.8,32.5,24.8
801+,Mohammed V University of Rabat,Morocco,"75,403",35.8,3%,48:52:00,8.3—18.5,21.8,7.7,9.8,37.6,31.3
801+,University of Monastir,Tunisia,"24,724",13.8,1%,66:34:00,8.3—18.5,15.9,7,9.6,32.1,39.4
801+,Tokyo City University,Japan,"8,150",15.9,1%,0.929861111,8.3—18.5,16.4,8.8,10.1,36.9,17.4
801+,Nagaoka University of Technology,Japan,"2,297",9.8,11%,0.479166667,8.3—18.5,24.2,12.4,14,38.9,31.4
801+,University of Nairobi,Kenya,"74,654",42.2,1%,40 : 60,8.3—18.5,13.6,10,20.2,32.9,46.3
801+,Nanjing Tech University,China,"28,861",18.3,1%,n/a,8.3—18.5,15.4,11.5,16.1,67.7,15.7
801+,National Chengchi University,Taiwan,"15,922",17.4,12%,58:42:00,8.3—18.5,18.9,13.7,10.9,34.6,41.4
801+,National Research University of Electronic Technology (MIET),Russian Federation,"4,460",10.5,2%,28 : 72,8.3—18.5,18.8,11.1,11.9,33.8,28.3
801+,National Research Saratov State University,Russian Federation,"11,663",12.9,6%,63:37:00,8.3—18.5,19.4,12.3,18.7,36,31.4
801+,National University of Science and Technology (MISiS),Russian Federation,"8,326",9.2,17%,38 : 62,8.3—18.5,23.5,13.9,8.7,50.2,40.9
801+,National University of the South,Argentina,"19,086",6.8,1%,58:42:00,8.3—18.5,21.3,6.9,8.8,1.1,17.5
801+,National Taipei University of Technology,Taiwan,"10,409",17,5%,26 : 74,8.3—18.5,15.8,13.7,17.9,74,19.1
801+,National Technical University of Ukraine – Igor Sikorsky Kyiv Polytechnic Institute,Ukraine,"22,328",8.8,2%,32 : 68,8.3—18.5,21.8,9.5,1.5,33.3,17.8
801+,Nicolaus Copernicus University in Toruń,Poland,"22,551",11.2,1%,69:31:00,8.3—18.5,18.6,8,16.3,33.7,22.6
801+,Novosibirsk State Technical University,Russian Federation,"11,358",12.6,17%,54:46:00,8.3—18.5,20.3,10.4,3.2,37.2,31.3
801+,Ocean University of China,China,"35,373",19.8,1%,n/a,8.3—18.5,18.9,11.4,21,46.6,17.2
801+,Oita University,Japan,"5,834",7.1,2%,38 : 62,8.3—18.5,22.7,7.3,10.3,33.3,16.4
801+,Osaka Prefecture University,Japan,"7,931",7.4,3%,35 : 65,8.3—18.5,23.2,11.5,16.9,39.8,19.1
801+,Osmania University,India,"11,921",12.2,4%,34 : 66,8.3—18.5,29.6,12.2,7.3,32.4,9.1
801+,Universidade Federal de Ouro Preto (UFOP),Brazil,"15,948",17.5,0%,50:50:00,8.3—18.5,14.5,4.6,13.2,33.9,17.2
801+,University of Pardubice,Czech Republic,"10,508",19.4,4%,55:45:00,8.3—18.5,15.6,12.1,16.5,32.8,23.5
801+,RUDN University,Russian Federation,"14,773",8.8,34%,51:49:00,8.3—18.5,23.3,9.8,2.6,35.1,44.6
801+,University of the Philippines,Philippines,"48,501",11.1,1%,59:41:00,8.3—18.5,20.1,9.3,13.5,40.8,42.1
801+,Pontifícia Universidade Católica do Paraná,Brazil,"24,682",22.3,1%,53:47:00,8.3—18.5,14.4,8,24.6,33.9,19.3
801+,Pontifical Catholic University of Valparaíso,Chile,"15,241",25,1%,44:56:00,8.3—18.5,14,10.7,13.5,51.7,45.2
801+,Prince of Songkla University,Thailand,"41,043",17.2,1%,71:29:00,8.3—18.5,14.6,7.6,25.7,33.2,31.2
801+,Riga Technical University,Latvia,"11,790",27.3,7%,39 : 61,8.3—18.5,15.8,10.3,16.2,38.9,24.5
801+,Universidade do Estado do Rio de Janeiro (UERJ),Brazil,"24,276",11.6,0%,55:45:00,8.3—18.5,20.9,10.8,17.8,49.2,17.8
801+,Ritsumeikan University,Japan,"34,867",23.8,4%,36 : 64,8.3—18.5,15.6,8.5,12.8,33.5,24.3
801+,Robert Gordon University,United Kingdom,"9,630",19.1,23%,60:40:00,8.3—18.5,15,9.6,15.1,33,63.4
801+,SASTRA University,India,"13,649",18.5,0%,48:52:00,8.3—18.5,12.9,7.4,14.7,32.3,11.6
801+,SRM Institute of Science and Technology,India,"42,345",15.6,2%,1.011805556,8.3—18.5,14.9,7.2,7.1,32.6,14.8
801+,Saitama University,Japan,"7,459",11.7,2%,33 : 67,8.3—18.5,19.1,11,22.8,33.3,22.6
801+,Saitama Medical University,Japan,"1,888",1.5,1%,53:47:00,8.3—18.5,22.8,7.3,21.3,37.2,13.5
801+,Samara State Aerospace University,Russian Federation,"6,833",10.2,4%,n/a,8.3—18.5,18.3,7.4,16,46.5,15.4
801+,"University of Santiago, Chile (USACH)",Chile,"22,720",20.7,1%,40 : 60,8.3—18.5,15.9,10.8,9.6,32.3,40.4
801+,Sathyabama Institute of Science and Technology,India,"15,918",20.1,1%,45:55:00,8.3—18.5,14.8,7.9,3.7,32.4,12.4
801+,Sechenov University,Russian Federation,"16,774",9,11%,56:44:00,8.3—18.5,25.4,9.1,0.7,33.4,23.8
801+,University of Seoul,South Korea,"10,498",18.6,3%,36 : 64,8.3—18.5,22,8.7,20.1,33,21.2
801+,Shaanxi Normal University,China,"25,799",16.3,1%,73:27:00,8.3—18.5,16.4,9,21.7,32.1,14.5
801+,Shahid Beheshti University,Iran,"18,607",24.6,1%,52:48:00,8.3—18.5,18.9,14.8,14.8,53.8,15.1
801+,Shanghai University,China,"48,397",18.6,1%,45:55:00,8.3—18.5,18.1,14.7,19.8,44.5,16
801+,Sheffield Hallam University,United Kingdom,"25,505",17.1,16%,54:46:00,8.3—18.5,16.6,10.3,19.7,32.5,48.6
801+,Shibaura Institute of Technology,Japan,"9,357",17.4,2%,0.602083333,8.3—18.5,15.8,8.4,6.9,34.6,17.1
801+,Shimane University,Japan,"5,974",9.3,2%,38 : 62,8.3—18.5,22.5,9.1,10.1,35.4,17.3
801+,Shizuoka University,Japan,"10,083",14.4,3%,29 : 71,8.3—18.5,17.4,12.2,15,36.2,22.7
801+,Showa University,Japan,"3,728",2.5,0%,58:42:00,8.3—18.5,28.2,8.3,10.5,35.8,14.4
801+,Siberian Federal University,Russian Federation,"26,156",11,1%,46:54:00,8.3—18.5,20.3,8.9,3.1,36.3,15.4
801+,Sidi Mohamed Ben Abdellah University,Morocco,"82,019",59.2,1%,43:57:00,8.3—18.5,21.9,6.2,2.4,32.1,21.1
801+,University of Silesia in Katowice,Poland,"26,470",14,2%,68:32:00,8.3—18.5,17.1,7.7,22.7,32.1,21.8
801+,Simón Bolívar University,Venezuela,"12,545",15,0%,45:55:00,8.3—18.5,15.8,11.3,16.8,0.7,39.2
801+,Slovak University of Technology in Bratislava,Slovakia,"16,402",15.2,2%,30 : 70,8.3—18.5,20.3,9.5,13.8,34.9,27.9
801+,Sofia University,Bulgaria,"23,158",13.7,4%,51:49:00,8.3—18.5,18.8,10.8,9.5,33.7,38
801+,Sophia University,Japan,"13,468",25.2,9%,55:45:00,8.3—18.5,19.9,10.4,7.7,33.4,36.9
801+,University of South Africa,South Africa,"187,043",97.4,9%,65:35:00,8.3—18.5,16.9,9.9,12.6,32.4,34.3
801+,South Valley University,Egypt,"42,020",53.7,1%,62:38:00,8.3—18.5,12.5,4.4,22.2,32.1,43.5
801+,Southern Federal University,Russian Federation,"22,455",7.7,6%,79:21:00,8.3—18.5,22.1,8,10.7,40,21.7
801+,University of Southern Mississippi,United States,"14,143",17.8,3%,63:37:00,8.3—18.5,20.1,8.5,23,38.3,22.6
801+,Southwest Jiaotong University,China,"40,075",15.1,2%,27 : 73,8.3—18.5,18.1,12.1,5.8,76.5,18.5
801+,Universidade Estadual de Maringá,Brazil,"23,532",14.9,1%,59:41:00,8.3—18.5,16.9,9.9,5.1,32.5,13.8
801+,University of Talca,Chile,"10,436",25.1,1%,50:50:00,8.3—18.5,14.1,11.2,12.3,32.1,46.2
801+,Tamkang University,Taiwan,"27,612",26.5,6%,48:52:00,8.3—18.5,13.4,11.2,12.2,34.6,23
801+,Taras Shevchenko National University of Kyiv,Ukraine,"20,759",8.2,3%,60:40:00,8.3—18.5,29.5,10.7,5.7,32.8,30.5
801+,Technical University of Liberec,Czech Republic,"6,599",13.5,7%,65:35:00,8.3—18.5,17.8,9.6,3.7,35.7,28.8
801+,Universiti Teknologi MARA,Malaysia,"59,795",15.3,0%,65:35:00,8.3—18.5,14.8,8.6,11.5,32.4,15.9
801+,University of Abou Bekr Belkaïd Tlemcen,Algeria,"43,008",25.1,1%,67:33:00,8.3—18.5,21.7,10.1,4.5,32.1,39.1
801+,Tokai University,Japan,"29,959",12.9,1%,27 : 73,8.3—18.5,19.5,8.6,20.7,36.4,20.2
801+,Tokyo Denki University,Japan,"9,652",26.8,2%,0.479166667,8.3—18.5,13.4,7.7,2.3,0.4,15.9
801+,Tokyo University of Marine Science and Technology,Japan,"2,678",11.4,6%,33 : 67,8.3—18.5,22.2,12.7,11,53,26.4
801+,Tomas Bata University in Zlín,Czech Republic,"10,223",23.3,8%,n/a,8.3—18.5,15.9,13.7,12.6,34.5,46
801+,Tottori University,Japan,"6,185",8.2,2%,35 : 65,8.3—18.5,25,8.4,11.4,36.7,17.9
801+,University of Toyama,Japan,"9,308",11.3,3%,39 : 61,8.3—18.5,21.4,12,17.7,41.9,24.5
801+,University of Tunis El Manar,Tunisia,"37,781",21.1,1%,65:35:00,8.3—18.5,17.9,7.4,7.3,32.5,39.6
801+,Ural Federal University,Russian Federation,"28,089",10,4%,47:53:00,8.3—18.5,22.2,11.2,8.6,38.1,20
801+,Universiti Utara Malaysia,Malaysia,"12,538",12.1,18%,73:27:00,8.3—18.5,20.5,11,2.2,35.4,45.1
801+,Utsunomiya University,Japan,"5,024",14.6,5%,36 : 64,8.3—18.5,16.2,8.3,8.2,34,23.1
801+,V.N. Karazin Kharkiv National University,Ukraine,"15,778",10.4,25%,54:46:00,8.3—18.5,21.2,8.3,2.4,32.4,50.8
801+,VIT University,India,"29,572",20,2%,25 : 75,8.3—18.5,15,7.7,7.3,33.4,20.3
801+,Voronezh State University,Russian Federation,"14,011",10.1,9%,53:47:00,8.3—18.5,19.2,7,1.3,34.1,23.2
801+,VSB - Technical University of Ostrava,Czech Republic,"20,191",25.2,7%,n/a,8.3—18.5,15.6,11.7,20.8,37.9,27.1
801+,University of West Bohemia,Czech Republic,"14,067",19.7,3%,52:48:00,8.3—18.5,15.8,11.1,19.8,35.9,24.5
801+,Wuhan University of Technology,China,"50,753",14.9,3%,30 : 70,8.3—18.5,18.3,11.1,15.8,59.2,16.5
801+,Xiangtan University,China,"28,407",19.7,1%,51:49:00,8.3—18.5,13.3,8.9,31.5,36.4,14.6
801+,Xidian University,China,"32,064",16.8,2%,29 : 71,8.3—18.5,17.5,13.4,12.4,78.2,14.5
801+,Yamaguchi University,Japan,"10,573",11,3%,35 : 65,8.3—18.5,21.5,11.5,11.9,41,20.3
801+,Yazd University,Iran,"12,500",32.1,0%,61:39:00,8.3—18.5,28,10.8,14.4,34.2,15.5
801+,Yokohama National University,Japan,"10,124",13,7%,28 : 72,8.3—18.5,20.9,17.2,11.9,45.4,23.1
801+,Universidad Autónoma de Yucatán,Mexico,"15,271",11.3,0%,51:49:00,8.3—18.5,19,6.9,12,32.9,27.5
801+,Yıldız Technical University,Turkey,"34,417",28.3,4%,37 : 63,8.3—18.5,13.6,8.1,22.5,44.7,18.5
801+,University of Zagreb,Croatia,"67,332",18.4,1%,58:42:00,8.3—18.5,20.4,11.6,17.1,44.6,25.4
801+,University of Zanjan,Iran,"9,444",24,0%,55:45:00,8.3—18.5,12.5,8.5,7.7,34.3,15.3
801+,University of Łódź,Poland,"36,400",16.4,2%,66:34:00,8.3—18.5,15.9,8.3,14.1,32.3,21.5
